ASN,Entity
612,"US | PRECISIONTECH - PRECISION TECHNOLOGY Inc,US"
714,"Apple"
1442,"SureHosting Internet Solutions, Inc."
2554,"IDC Frontier Inc."
2635,"Automattic"
2639,"ZOHO-AS"
2818,"BBC Internet Services, UK"
3064,"Affinity Internet, Inc"
3170,"Etheroute Ltd"
3188,"Alastyr Telekomunikasyon A.S."
3210,"Secure Data Systems SRL"
3214,"xTom GmbH"
3223,"VOXILITY, RO"
3242,"ITnet S.r.l."
3396,"US | EGG - T G & A"
3502,"US | INTNET"
3563,"US | PILOT-ASN - Pilot Network Services, Inc,US"
3598,"Microsoft Corporation"
3700,"CLOUD9 - Cloud 9 Internet, Inc., US"
3722,"Tranquil Hosting, Inc."
3791,"US | VCHS-AS - Via Christi Health System, Inc., US"
3842,"InMotion Hosting, Inc."
3900,"YHC Corporation"
3904,"US | ASTHOUGHTPRT - ThoughtPort inc., US"
4250,"ALENT-ASN-1 - Alentus Corporation, US"
4323,"TWTC - tw telecom holdings, inc., US"
4583,"West Publishing Corporation"
4640,"AT | The Internetworking Corporation, Hong Kong"
4694,"IDC Frontier Inc."
4758,"National Informatics Centre"
4785,"xTom"
4842,"Tianhai InfoTech"
4851,"Host Networks"
5041,"AS-CLOUDKLEYER - cloudKleyer Canada Corp., CA"
5048,"FIBERNET Corp."
5430,"freenet Datenkommunikations GmbH"
5517,"CSL Computer Service Langenbach GmbH"
5539,"SpaceNET AG"
5541,"IL | INVITE Systems SRL"
5577,"ROOT, LU"
5602,"IRIDEOS S.P.A."
5639,"Telecommunication Services of Trinidad and Tobago"
5693,"Latisys-Irvine, LLC"
5755,"US | QNETIX-AS"
5784,"US | GETNET - Getnet International, US"
6134,"XNNET LLC"
6188,"VPS Datacenter, LLC"
6218,"US | MIBX - MIBX, Inc., US"
6295,"Lunavi, Inc."
6364,"ATLANTIC-NET-1 - Atlantic.net, Inc., US"
6428,"CDM - CDM, US"
6560,"ZA | GEM Internet Company (Pty) LTD"
6603,"US | CottonWood CyberVentures"
6659,"PlusServer GmbH"
6696,"VERIXI - VERIXI SA, BE"
6718,"NAV DATACENTER TELECOM SRL"
6724,"STRATO STRATO AG, DE"
6729,"LV | SUNOKMAN-AS, LV"
6738,"DRI SAS"
6870,"H1ASN, RU"
6903,"Rusonyx, Ltd."
7052,"US | Hi-Tech Services, Inc."
7156,"BR | AGATE2 - Agate Internet Services, Inc.,US"
7158,"US | NETFEED-AS - NetEx Online Services, US"
7203,"LEASEWEB-USA-SFO-12 - Leaseweb USA, Inc., US"
7259,"US | net.Genesis Corp"
7289,"US | Platinum Internet Group"
7296,"Alchemy Communications, Inc."
7309,"US | The Virtual Marketing Corporation"
7337,"US | Southern NJ Internet Providers"
7349,"Windstream Hosted Solutions, LLC"
7393,"CYBERCON"
7455,"US | MOTO-INT1-AS - Motorists Mutual Insurance Company,US"
7489,"HOSTUS-GLOBAL-AS HostUS, HK"
7496,"ARQ GROUP ENTERPRISE PTY LTD"
7506,"GMO Internet,Inc"
7514,"Computer Engineering & Consulting, Ltd."
7540,"HongKong Commercial Internet Exchange"
7544,"US | COMCLARK-IXG ComClark Network & Technology Corp,PH"
7595,"Readyspace Network Pte Ltd, Hosted Solutions Provider,Singapore"
7598,"Websense Hosted Security - AsiaPac region"
7655,"US | TWNAP-ADMIN-AS-AP Peering AS,TW"
7678,"Prox System Design Inc."
7684,"SAKURA Internet Inc."
7753,"ipHouse"
7792,"3M Company"
7819,"Global IP Networks INC"
7827,"US | American Business Information"
7850,"CITYLINKFIBER - iHighway.net, Inc., US"
7859,"Server Central Network"
7880,"AT | NEURAL-AS - Neural Applications,US"
7883,"US | UNITEDSYSTEMSACCESS - United Systems Access, US"
7907,"US | Networldtron Corp"
7918,"US | Larkom"
7979,"SERVERS - Servers.com, Inc., US"
8075,"MICROSOFT-CORP-MSN-AS-BLOCK - Microsoft Corporation, US"
8095,"EU | NETVALUE - Netvalue, Inc., US"
8100,"ASN-QUADRANET-GLOBAL - QuadraNet, Inc, US"
8219,"RU | EXPERT-TELECOM-AS _IC_Expert_ Company Limited"
8280,"SYNAPSECOM S.A. Provider of Telecommunications and Internet Services"
8304,"ISP and web hosting."
8312,"Bas Smit trading as Zylon"
8315,"Sentia Netherlands BV"
8342,"JSC RTComm.RU"
8455,"ATOM86-AS ATOM86, NL"
8477,"ZTS Echostar Studio Poznan Poland"
8495,"Frankfurt-Munich-Stuttgart-Amsterdam-London"
8556,"Levantis Hosting GmbH"
8560,"1&amp;1 IONOS SE"
8622,"Namesco Limited"
8685,"Doruk Iletisim ve Otomasyon Sanayi ve Ticaret A.S."
8697,"Jordan Telecom Group ( JTG )"
8739,"ICDSoft Ltd."
8741,"Ratiokontakt GmbH"
8875,"sinma GmbH"
8893,"Artfiles New Media GmbH"
8903,"Evolutio Cloud Enabler S.A. Unipersonal"
8943,"Jump Networks Ltd"
8972,"Host Europe GmbH"
9115,"Internet Names for Business"
9123,"TimeWeb Ltd."
9150,"InterConnect"
9166,"HostIT NV"
9211,"Nawork Internet Informationssysteme GmbH"
9268,"Over The Wire Pty Ltd"
9290,"GoHosting"
9308,"Abitcool(China) Inc."
9370,"SAKURA-B SAKURA Internet Inc., JP"
9371,"SAKURA Internet Inc."
9412,"Hostworks Content Delivery System"
9597,"KDDI Web Communications Inc."
9667,"Hostworks Pty Ltd"
9683,"KR | SK  Telecom"
9744,"XLC GLOBAL"
9802,"Abitcool(China) Inc."
9823,"Education Web Hosting"
9833,"Blinkload Technology Co., Ltd"
9891,"CS LOXINFO Public Company Limited."
9925,"Powerbase DataCenter Services (HK) Ltd."
9952,"Hostway IDC"
10105,"OMNIconnect Pty Ltd"
10114,"CN | ASIANET-AP PT.Medialintas Antar Buana, ID"
10122,"CN | Beijing Jiasheng Lianhua technical Co. Ltd"
10123,"CN | Guangzhou Tenmark Networks Technology Ltd"
10200,"Web hosting provider and ISP connectivity."
10207,"Interhost Pacific Pty Ltd t/a Intervolve."
10229,"Internet Content Provider"
10297,"ENET-2 - eNET Inc., US"
10439,"CARINET - CariNet, Inc., US"
10462,"US | Shadow Infromation Services"
10532,"Rackspace Hosting"
10704,"BR | ML Telecom"
10732,"TierraNet Inc."
10737,"US | BACTC - CellularONE, US"
10741,"CA | WAMNET - Wam Net Enterprises Inc.,US"
10765,"CLOUDNET-AS - CloudNet, US"
10843,"Advanced Internet Technologies"
10908,"CLOUDFLOORAS - CloudfloorDNS, US"
10929,"eStruxture Data Centers Inc."
10963,"US | Netragy LLC"
11029,"US | Border Technology, LLC"
11042,"NETWORK TRANSIT HOLDINGS LLC"
11051,"Evocative, Inc."
11114,"WINTEK-CORP - Wintek Corporation, US"
11230,"Managed Hosting Services, LLC"
11235,"Itron-Hosting"
11274,"Adhost Internet Advertising, LLC"
11282,"SERVERYOU INC"
11357,"InfoQuest Technologies, Inc."
11555,"Alpha Hosting, LLC"
11572,"US | PhoenixNap LLC"
11588,"HIGHWINDS - Highwinds Network Group, Inc., US"
11608,"Accretive Networks"
11734,"Connectria"
11754,"US | ORANGE COUNTY NETWORKS, LLC"
11831,"eSecureData"
11849,"US | ALTEC-IT - Altec IT, US"
11854,"US | Internap Hholding LLC"
11878,"TZULO - tzulo, inc., US"
11931,"US | Zenith Networking"
11989,"Jumpline Inc"
12179,"Internap Holding LLC"
12181,"Internap Holding LLC"
12182,"INTERNAP-2BLK"
12189,"US | PhoenixNap LLC"
12200,"Rackspace"
12260,"Colostore.com"
12337,"IT Service Provider located in Nuernberg, Germany"
12364,"GR | University of Macedonia, Economic and Social Sciences"
12488,"Krystal Hosting Ltd"
12506,"NL | Inspiring Networks BV"
12555,"Data-center IMAQLIQ Ltd."
12574,"Hosting.de GmbH"
12586,"ASGHOSTNET, DE"
12617,"Solido Hosting A/S"
12637,"SEEWEB s.r.l."
12676,"HKN GmbH"
12679,"LT | Sokolov Dmitry Nikolaevich"
12703,"Pulsant (Scotland) Ltd"
12720,"BG | BULGARIAONLINE , BG"
12779,"IT.Gate S.p.A."
12824,"home.pl S.A."
12859,"BIT BV"
12876,"AS12876, FR"
12989,"HWNG, NL"
12993,"SIA Digitalas Ekonomikas Attistibas Centrs"
131178,"OpenNet ISP Cambodia"
13209,"Atom Hosting SRL"
13213,"UK-2 Limited"
13238,"YANDEX LLC"
13287,"FALBOX S.L."
13332,"HYPEENT-SJ - Hype Enterprises, US"
13335,"Cloudflare"
13354,"zColo"
13389,"US | AZUKI"
13414,"Twitter Inc."
13438,"Vivio Technologies"
13445,"Cisco Webex LLC"
13537,"US | MEGACOLO - Mega Colocation, Inc., US"
13557,"US | NETIN - NetIn.com, Inc. Dallas Texas,US"
13647,"Tranquil Hosting, Inc."
13649,"Flexential Colorado Corp."
13737,"INCX Global, LLC"
13739,"DATACENTER-IP - Datacenter IP, LLC, US"
13767,"DataBank Holdings, Ltd."
13768,"Aptum Technologies"
13798,"US | BRIGHT - Brightfinity, LLC,US"
13886,"Cloud South"
13909,"Techie Hosting, Inc."
13911,"Tera-byte Dot Com Inc."
13916,"PROOFPOINT-UT7 - Proofpoint, Inc., US"
13926,"RBLHST-NY - Strong Technology, LLC., US"
13955,"Echostar Broadcasting Corporation"
14029,"ZW | DC Econet"
14061,"DIGITALOCEAN-ASN - Digital Ocean, Inc., US"
14116,"InternetNamesForBusiness.com"
14120,"IT Hosting Services, LLC."
14127,"ILAND - Iland Internet Solutions Corporation, US"
14135,"Navisite Opco LLC"
14141,"TOTAL-SERVER-SOLUTIONS - Total Server Solutions L.L.C., US"
14160,"Premium Hosting, Inc."
14179,"AU | Interactive Gaming and Wagering N.V."
14202,"US | [Name not set and lost]"
14230,"INVOLTA - Involta, US"
14244,"NSI Hosting"
14280,"NetNation Communications Inc"
14340,"Salesforce.com, Inc."
14361,"HopOne Internet Corporation"
14384,"HOST DESIGNS, LLC"
14415,"Host Collective, Inc."
14442,"Media-Hosts Inc."
14567,"Springs Hosting"
14572,"US | N2V - N2V, INC.,US"
14576,"Hosting Solution Ltd."
14618,"AMAZON-AES - Amazon.com, Inc., US"
14670,"SOLAR-VPS - OC1-SolarVPS, LLC, US"
14708,"WebHost Chile S.A."
14745,"US | Internap Holding LLC"
14770,"US | NOBLE AMERICAS CORP."
14782,"The Rocket Science Group, LLC"
14986,"Ultra Hosting"
14987,"Rethem Hosting LLC"
14992,"CrystalTech Web Hosting Inc."
15003,"Leaseweb USA, Inc."
15083,"Infolink Global Corporation"
15085,"Immedion, LLC"
15133,"MCI Communications Services, Inc. d/b/a Verizon Business"
15148,"Blackbaud, Inc."
15149,"Access Integrated Technologies, Inc."
15169,"Google Cloud"
15189,"HostVentures.com, Inc."
15216,"Hostway Corporation"
15348,"Tucows.com Co."
15388,"OMCnet Internet Service GmbH"
15395,"RACKSPACE-LON, GB"
15401,"Business &amp; Decision Interactive Eolas SRL"
15456,"InterNetX GmbH"
15497,"Colocall"
15510,"Compuweb Communications Services Limited"
15598,"IP Exchange GmbH"
15611,"Iranian Research Organization for Science &amp; Technology"
15626,"ITLAS, UA"
15657,"Speedbone Internet &amp; Connectivity GmbH"
15685,"CASABLANCA INT a.s."
15694,"ATM S.A."
15699,"OGIC Informatica S.L."
15703,"True B.V."
15734,"IDH, ES"
15817,"Mittwald CM Service GmbH und Co. KG"
15826,"NFrance Conseil"
15830,"Equinix Connect"
15879,"KPN Internedservices"
15919,"Servicios de Hosting en Internet S.A."
15922,"Qweb Internet Services B.V."
15954,"Tecnocratica Centro de Datos, S.L."
15967,"Nazwa.pl Sp.z.o.o."
15987,"Portunity GmbH"
16125,"CHERRYSERVERS1-AS, LT"
16247,"M247 Ltd, Metronet (UK) Limited & Venus Business Communications Ltd trading as M247"
16262,"DELTA-LTD-AS, RU"
16276,"OVH, FR"
16284,"UNSPECIFIED, NG"
16312,"NO | SURFSAFE-AS, NO"
16347,"ADISTA SAS"
16371,"acens Technologies, S.L."
16509,"AMAZON-02 - Amazon.com, Inc., US"
16535,"Echostar Holding Purchasing Corporation"
16550,"US | Google LLC | google.com"
16556,"TotalChoice Hosting, LLC"
16578,"Lanset America Corporation"
16625,"Akamai"
16628,"DEDICATED-FIBER-COMMUNICATIONS - DedFiberCo, US"
16862,"Kansas Hosting, LLC"
16973,"Corporacion Hostarica S.A."
17018,"Quality Technology Services, LLC"
17019,"JCHost Internet Services, LLC"
17048,"US | AWKNET-LLC"
17054,"CONTINENTAL BROADBAND PENNSYLVANIA, INC."
17139,"Corporate Colocation Inc."
17216,"DC74-AS - DC74 LLC, US"
17312,"ID | TERNETCONNEC,ZA"
17393,"SERVERGRID - The Aldridge Company, US"
17408,"AboveNet Communications Taiwan"
17439,"Netmagic Datacenter Mumbai"
17440,"AU | SAANET-AS-ID PT Sinar Alam Abadi, ID"
17444,"AS number for New World Telephone Ltd."
17470,"Hutchison Telecommunications Lanka (Private) Limited"
17501,"WorldLink Communications Pvt Ltd"
17514,"Otsuka Corp."
17589,"GABIA Inc."
17669,"INFOPLEX Hosting and Managed Service Provider Asia Pacific"
17683,"CA | WINTECH-COM Wingtechnology Communications, Inc.,JP"
17819,"Equinix Asia Pacific"
17833,"NCOM ltd."
17881,"Inet Hosting Inc."
17918,"INFOPLEX Hosting and Managed Service Provider Asia Pacific"
17920,"Ultra Serve Internet Pty Ltd - Transit AS - Hosting Provider"
17941,"Equinix Japan Enterprise K.K."
17971,"TM-VADS DC Hosting"
17997,"CN | China Enterprise Communications Ltd."
18013,"AU | ASLINE LIMITED"
18025,"PH | ACE-1-WIFI-AS-AP Ace-1 Wifi Network"
18120,"Gemini Software Solutions (P) Ltd. Hosting Services, India"
18207,"YOU Broadband & Cable India Ltd."
18209,"Atria Convergence Technologies pvt ltd"
18229,"CtrlS Datacenters Ltd."
18450,"WEBNX - WebNX, Inc., US"
18501,"Codero"
18530,"Isomedia, Inc."
18570,"EchoStar Broadcasting Corperation"
18586,"US | DIVINEHOST - Divine Hosting Services, US"
18645,"US | Netragy LLC"
18650,"Korax Inc."
18779,"EGIHosting"
18809,"Cable Onda"
18978,"Enzu Inc"
18981,"US | IPSTRADA - Supreme Telecom Systems, Inc., US"
18984,"SERVERCAVE - Janus Host, LLC, US"
19084,"COLOUP - ColoUp, US"
19133,"Bird Hosting Inc."
19148,"Leaseweb USA, Inc."
19234,"Canada Web Hosting"
19237,"Omnis Network, LLC"
19318,"Interserver, Inc"
19324,"Dosarrest Internet Security LTD"
19376,"JUSTNET Ministerie van Justitie, NL"
19422,"Telefonica Moviles del Uruguay SA"
19429,"ETB - Colombia"
19437,"SECURED SERVERS LLC"
19527,"Google LLC"
19529,"3SR LLC"
19531,"NODESDIRECT - Nodes Direct, US"
19551,"Incapsula Inc"
19624,"SERVERROOM - Data Room, Inc, US"
19679,"Dropbox, Inc."
19710,"US | DINO-SOL"
19816,"NCS DataCom, Inc."
19832,"za | Link Data Group"
19842,"Colosseum Online, Inc."
19844,"GORACK - GoRack LLC, US"
19863,"Guyana Telephone & Telegraph Co."
19871,"NETWORK-SOLUTIONS-HOSTING - Network Solutions, LLC, US"
19893,"RagingWire Data Centers, Inc."
19894,"US | Novel, Inc (novelscs.com)"
19969,"JOESDATACENTER - Joe's Datacenter, LLC, US"
19994,"RACKSPACE"
20001,"Charter Communications Inc"
20021,"HostMySite"
20068,"Hawk Host Inc."
20150,"AS20150 - anyNode, US"
20161,"TeraGo Networks Inc."
20248,"Take 2 Hosting, Inc."
20264,"WEBAIR-INTERNET-2 - Webair Internet Development Company Inc."
20278,"Nexeon Technologies, Inc."
20326,"TeraSwitch Networks Inc."
20360,"CA | OppoBox LLC"
20401,"Hostway Corporation"
20448,"VPNtranet, LLC."
20450,"Trojan Hosting, LLC."
20454,"SECURED SERVERS LLC"
20473,"AS-CHOOPA - Choopa, LLC, US"
20495,"wd6.NET B.V"
20546,"SOPRADO GmbH"
20559,"Fundaments B.V."
20598,"CYBERSPACE-AS Autonomous System number for Cyber Space, IL"
20616,"Gazduire Web SRL"
20621,"PlusServer GmbH"
20647,"IPB Internet Provider in Berlin GmbH"
20649,"FS Veri Merkezi Internet Teknolojileri Limited Sirketi"
20692,"NetGate Datacenter ASN"
20714,"UA | Merlin-Telekom LLC"
20730,"GB | BIKS+ Ltd."
20738,"Host Europe GmbH"
20773,"HOSTEUROPE-AS, DE"
20776,"Outremer Telecom SASU"
20836,"CDLAN-AS Milano, IT"
20847,"Previder B.V."
20853,"eTOP sp. z o.o."
20857,"Transip B.V."
20860,"IOMART-AS, GB"
20926,"Oceanet Technology SAS"
20940,"Akamai"
21069,"METANET AG"
21100,"ITLDC-NL, UA"
21155,"Amsterdam, NL"
21159,"NOVOSERVE-GMBH-AS Frankfurt, Germany, NL"
21217,"Safe Host SA"
21260,"The Positive Internet Company Ltd"
21321,"ARETI-AS, GB"
21350,"Interspace Ltd."
21396,"NetConnex Broadband Ltd."
21409,"Ikoula Net SAS"
21499,"Host Europe GmbH"
21501,"GoDaddy"
21554,"Wisconsin CyberLynk Network, Inc."
21584,"US | X2CLOUD-MAIN - X2Cloud, LLC"
21624,"Wisconsin CyberLynk Network, Inc."
21679,"SERVERSIDE-01 - Server Side, Inc., US"
21769,"Colocation America"
21777,"Massive Networks"
21859,"Zenlayer Inc"
21887,"Fiber Logic Inc."
21926,"US | TREASUREISLAND-ASN1 - Treasure Island Colocation, LLC"
21983,"US | AURORNET - Aurora Networking, US"
22119,"US | Junction Methods, LLC"
22152,"OC Hosting, Inc."
22363,"PHMGMT-AS1 - Powerhouse Management, Inc., US"
22418,"Cologuard"
22427,"US | United Colo"
22458,"NetSource Communications, Inc."
22489,"Castle Access Inc"
22552,"ESITED - eSited Solutions, US"
22558,"VPSDATACENTER - VPS Datacenter, LLC, US"
22606,"Salesforce.com, Inc."
22611,"InMotion Hosting, Inc."
22612,"Namecheap"
22628,"US | Alta Tecnologia (ALTEC), S.A."
22652,"Fibrenoire Inc."
22653,"Cyber Wurx LLC"
22676,"US | TELENTIA - Telentia, US"
22720,"Rackspace Hosting"
22724,"PUNTONET S.A."
22769,"DDOSING NETWORK"
22781,"RBLHST - Strong Technology, LLC., US"
22822,"Limelight Networks, Inc."
22878,"ACENET, INC."
22893,"US | CYBERWORLD-INT - Cyber World Internet Services, Inc., US"
22903,"Databank Holdings, Ltd"
22915,"FutureQuest, Inc."
22979,"US | DUPACO-COM-BGP"
23033,"Wowrack.com"
23052,"ihost Solutions, Inc."
23108,"Quantact Hosting Solutions, Inc."
23273,"Santa Barbara Web Hosting, Inc."
23312,"US | NAQUEIT - Naque IT, US"
23338,"DCS Pacific Star, LLC"
23342,"UNITEDLAYER - Unitedlayer, Inc., US"
23352,"Server Central Network"
23450,"US | Triumph Networking LLC"
23470,"ReliableSite.Net LLC"
23535,"HostRocket.com, Inc."
23537,"US | MICROSOURCEASN - Micro Source, Inc."
23576,"NAVER Cloud Corp."
23650,"AS Number for CHINANET jiangsu province backbone"
23661,"CLARA ONLINE, Inc."
23686,"Equinix Asia Pacific"
23816,"Yahoo Japan Corporation"
23824,"Future Spirits Co.,Ltd."
23860,"Alliance Broadband Services Pvt. Ltd."
23881,"UDomain Web Hosting Company Ltd"
23884,"Proen Corp Public Company Limited."
23944,"SKYBroadband SKYCable Corporation"
24000,"24.hk global BGP"
24009,"LANLIAN INTERNATIONAL HOLDING GROUP LIMITED"
24142,"CN | Shanghai Bennalong Network Technology Co.,LTD"
24186,"RailTel Corporation of India Ltd"
24220,"Hostcentral"
24282,"KAGOYA JAPAN Inc."
24309,"Atria Convergence Technologies Pvt. Ltd. Broadband Internet Service Provider INDIA"
24373,"ADC GROUP CO.,LIMITED"
24378,"Total Access Communication PLC."
24381,"Web Hosting and Colocation Services"
24389,"GrameenPhone Ltd."
24428,"CN | Beijing Founder Broadband Network Technology Co.,Ltd"
24429,"Zhejiang Taobao Network Co.,Ltd"
24432,"TM International Bangladesh Ltd.Internet service Provider,Gulshan-1,Dhaka-1212"
24446,"NetRegistry Pty Ltd."
24466,"Accelero Limited"
24482,"SGGS-AS-AP SG.GS, SG"
24541,"HostAway Pty Ltd"
24549,"Pacificnet Hosting Ltd"
24554,"Fivenetwork Solution India Pvt Ltd Internet"
24558,"Internet Hosting Service Provider to the Aditya"
24572,"Yahoo Japan"
24611,"Datacenter Luxembourg S.A."
24679,"Hostway Deutschland GmbH"
24722,"LLC Babilon-T"
24725,"Hostmaster LLC"
24768,"ALMOUROLTEC, PT"
24785,"Broadband Hosting B.V"
24806,"INTERNET CZ, a.s."
24875,"NOVOSERVE-AS, NL"
24931,"DediPower Managed Hosting Limited"
24940,"HETZNER-AS, DE"
24958,"CYBERFORT LIMITED"
24961,"MYLOC-AS, DE"
24971,"MASTER-AS Czech Republic / www.master.cz, CZ"
24973,"KONTENT GmbH"
24989,"Equinix (Germany) GmbH"
24994,"genesys informatica srl"
24997,"AS for CDN"
25048,"DSNet Hosting Limited"
25108,"Iomart Hosting Limited"
25128,"Hostway Deutschland GmbH"
25151,"Cyso Group B.V."
25163,"NG-NIGERIA-AS, NG"
25234,"ACTIVE 24, s.r.o."
25260,"QualityHosting AG"
25335,"GB | Next Global Services L.p."
25369,"BANDWIDTH-AS, GB"
25379,"PEKITEL-AS, RU"
25459,"Dataplace B.V."
25486,"DE | 'Lightup Network Solutions GmbH & Co. KG"
25504,"Obermuensterstr. 9"
25532,"LLC MASTERHOST"
25542,"Amsterdam"
25560,"http://www.rh-tec.de"
25577,"IDE Group Connect Limited"
25593,"LinkByNet S.A.S."
25642,"Spiderhost Inc"
25653,"FortressITX"
25697,"UpCloud USA Inc"
25780,"HUGESERVER-NETWORKS - HugeServer Networks, LLC, US"
25820,"IT7NET - IT7 Networks Inc, CA"
25897,"SERVERBEACH - Cogeco Peer 1 (USA) Inc., US"
25926,"HostUS"
26044,"US | DEDIPRO - Dedicated Professionals, LLC"
26045,"US | NOC24-LLC - NOC24 LLC,US"
26101,"Oath Holdings Inc."
26210,"AXS Bolivia S. A."
26272,"US | -Reserved AS-, ZZ, US"
26277,"Las Vegas NV Datacenter"
26337,"Oso Grande IP Services, LLC"
26347,"Dreamhost"
26481,"Rebel Hosting"
26484,"HOSTSPACE NETWORKS LLC"
26496,"GoDaddy"
26658,"US | HENGTONG-IDC-LLC"
26753,"In2net Network Inc."
26754,"ZA | SPIDD-AFRICA"
26930,"US | Quantum Hosting, LLC"
26978,"Carpathia Hosting, Inc."
27175,"AtNetHost LLC"
27176,"DATAWAGON"
27223,"Bare Metal Hosting"
27229,"Webhosting.Net, Inc."
27257,"Webair Internet Development Company Inc."
27310,"180SERVERS - 180Servers.com, US"
27323,"Wowrack.com"
27357,"Rackspace Hosting"
27382,"ColoSpace, Inc."
27411,"LEASEWEB-USA-CHI-11 - Leaseweb USA, Inc., US"
27524,"US | XEEX-COMMUNICATIONS - Xeex, US"
27589,"MOJOHOST"
27597,"Siteserver Hosting, Inc."
27640,"GIGAS HOSTING USA, LLC"
27653,"Alpha Communications Network"
27665,"Columbus Communications Trinidad Limited."
27715,"Locaweb"
27725,"Empresa de Telecomunicaciones de Cuba, S.A."
27759,"ACCESS HAITI S.A."
27775,"Telecommunicationcompany Suriname - TeleSur"
27800,"Digicel Trinidad and Tobago Ltd."
27823,"Dattatec.com"
27846,"AR | DOS MONOS S.A."
27882,"TelefAÂ³nica Celular de Bolivia S.A."
27884,"CABLECOLOR S.A."
27895,"NAocleo S.A."
27896,"Trilogy Dominicana, S.A."
27901,"Pacifico Cable SPA."
27924,"AMPLIA COMMUNICATIONS LTD."
27947,"Telconet S.A"
28092,"PA | Panama Hosting Technologies,PA"
28099,"iHosting Servicios Internet Ltda."
28110,"BOOMERANG WIRELESS S.A."
28118,"ALTICE DOMINICANA S.A."
28216,"Host One Servicos de Internet Ltda"
28299,"IPV6 Internet Ltda"
28333,"Local Datacenter Solu&#231;&#245;es em Comunica&#231;&#227;o Ltda."
28490,"US | TELEVISION POR CABLE DEL NORTE DE SONORA S.A. DE C.V.,MX"
28639,"BR | LocalNet Network"
28666,"HOSTLOCATION LTDA"
28747,"Easyhost BVBA"
28753,"LEASEWEB-, DE"
28824,"Jakob Hatteland Solutions AS"
28855,"GalacSYS is an hosting and managed services provider"
28878,"Signet B.V."
28885,"OmanTel NAP"
28907,"Internet Invest Ltd."
28924,"INTEGRITY Informatics Ltd."
28994,"Sitel Ltd"
28997,"Nedcomp Hosting B.V."
29014,"ScaleUp Technologies GmbH &amp; Co. KG"
29017,"Gyron Internet Ltd"
29028,"DirectVPS B.V."
29045,"IT Action Limited"
29066,"Host Europe GmbH"
29067,"Hostmaster LLC"
29073,"QUASINETWORKS, NL"
29097,"Hostpoint AG"
29132,"Easylinehost Finland Oy"
29134,"Czech Republic"
29140,"Autonomous System Hostserver GmbH"
29141,"Bradler &amp; Krantz GmbH &amp; Co. KG"
29169,"GANDI SAS"
29182,"ISPSYSTEM-AS, LU"
29222,"Infomaniak"
29262,"Ideal Hosting Teknoloji A.S."
29278,"Deninet KFT"
29302,"HSI-EUROPE, GB"
29311,"ASP4all Hosting B.V."
29331,"Forsikringens Datacenter A/S"
29354,"PCE-DE-DUS - PCE-NET GmbH, DE"
29405,"VNET a.s."
29423,"gridscale GmbH"
29452,"Secura Hosting Ltd"
29465,"VCG-AS, NG"
29486,"Host Europe GmbH"
29522,"H88 S.A."
29550,"SIMPLYTRANSIT, GB"
29636,"catalyst2 Services Limited"
29686,"Probe Networks"
29691,"NINE, CH"
29713,"Reliable Hosting Services"
29748,"Carpathia Hosting, Inc."
29789,"Reflected Networks, Inc."
29791,"US | AS-INTERNAP"
29802,"HIVELOCITY, Inc."
29812,"US | ONEZERO - One Zero Hosting Inc., US"
29838,"AMC - Atlantic Metro Communications, US"
29854,"WestHost, Inc."
29869,"HostRocket.com, Inc."
29873,"Endurance"
29883,"Internet Hosting Servers"
29971,"US | CTRL-ALT-DEST - CTRL ALT Destination, Inc."
30083,"GoDaddy.com, LLC"
30137,"US | SEA-BROADBAND - Sea Broadband, LLC"
30152,"Beyond Hosting, LLC"
30170,"Isomedia, Inc."
30176,"AS-PRIORITYCOLO - Priority Colo Inc, CA"
30186,"US | ROSS - Ross Technology Inc., US"
30235,"Twinservers Hosting Solutions Inc."
30277,"DFW Datacenter"
30279,"US | Virtuzo"
30447,"InternetNamesForBusiness.com"
30475,"Handy Networks, LLC"
30479,"KZ | OMNICO-COM - Omnico Hosting, LLC, US"
30496,"TierPoint, LLC"
30602,"ISPrime, Inc."
30633,"Leaseweb USA, Inc."
30689,"FLOW"
30693,"SERVERHUB-PHOENIX - Eonix Corporation, US"
30781,"Jaguar Network SAS"
30785,"Radik BV"
30811,"EPiServer AB"
30823,"combahton GmbH"
30827,"Extraordinary Managed Services Ltd"
30836,"23VNet Kft."
30849,"Research-and-production company Host Ltd"
30860,"Virtual Systems LLC"
30870,"Trans-iX B.V."
30900,"Sternforth Ltd."
30938,"BD | ahbr company limited"
30962,"comtrance GmbH"
30968,"OOO National Telecommunications"
30998,"NAL-AS, NG"
31034,"ARUBA-ASN, IT"
31083,"Telepoint Ltd"
31103,"Keyweb AG"
31178,"Celeonet SAS"
31229,"Beyond.pl sp. z o.o."
31240,"JSC Hosting Telesystems autonomous system"
31244,"MY SERVER MEDIA SRL"
31251,"NETGUARD-AS Falco Networks BV provides  Broadband, Voice, Data, Internet, NL"
31400,"diva-e Datacenters GmbH"
31404,"LYCATEL DISTRIBUTION UK LIMITED"
31463,"4D Data Centres Limited"
31472,"VoiceHost Ltd"
31477,"Duocast B.V."
31590,"Rackhosting.com ApS"
31624,"Verotel International B.V."
31659,"Below Zero Hosting Ltd."
31698,"AS Number for WebHost.ie Ltd"
31708,"Coreix Ltd"
31715,"GB | CloudIP LLC"
31727,"Node4 Limited"
31797,"US | Galaxyvisions Inc"
31798,"DataCity"
31807,"US | CLEARSURF BROADBAND"
31815,"Media Temple, Inc."
31863,"Centrilogic, Inc."
31898,"ORACLE-BMC-31898"
31981,"BlueTower Hosting LLC"
32087,"DEDICATED-HOSTING-BIZ-INC - DEDICATED-HOSTING.BIZ INC, US"
32097,"WholeSale Internet, Inc."
32177,"US | XEEX-COMMUNICATIONS"
32181,"ASN-GIGENET - GigeNET, US"
32244,"LIQUID-WEB-INC - Liquid Web, L.L.C, US"
32275,"Unified Webhosting, LLC"
32306,"Host NIT Inc"
32311,"US | JKS-ASN - JKS Media, LLC"
32338,"Hostiserver Ltd"
32400,"Hostway Services, Inc."
32475,"SingleHop LLC"
32489,"AMANAHA-NEW - Amanah Tech Inc., CA"
32491,"Tucows.com Co."
32579,"US | ETG-AS - eVolution Technology Group, LLC.,US"
32613,"IWEB-AS - iWeb Technologies Inc., CA"
32647,"Crucial Web Hosting, Ltd."
32708,"Root Networks, LLC"
32714,"ZA | Compute Corporate Technology Solutions"
32740,"Sliqua Enterprise Hosting, Inc."
32748,"Steadfast"
32780,"Hosting Services, Inc."
32781,"Defender cloud international llc"
32787,"Akamai Technologies, Inc."
32875,"VIRPUS - Wowrack.com, US"
32881,"SERVERNORTH - Server North, CA"
32911,"DediPower Managed Hosting"
32931,"Peaktera"
32934,"Facebook, Inc."
32959,"US | LITEUP - LiteUp, Inc., US"
32986,"US | KEYDEV - Key Developments, LLC,US"
32987,"US | AS080780 - Clnetworks Inc, US"
33028,"VEXXHOST, Inc."
33070,"Rackspace"
33083,"AXCELX-NET - AxcelX Technologies LLC, US"
33139,"Canaca-com Inc."
33182,"DIMENOC - HostDime.com, Inc., US"
33251,"Windstream Hosted Solutions, LLC"
33260,"Hostasaurus, Inc."
33302,"ONS-COS - Data 102, LLC, US"
33322,"Network Data Center Host, Inc."
33330,"CLOUDRADIUM-ASN - CloudRadium L.L.C, US"
33333,"PA | AWKNET-INC"
33387,"DATASHACK - DataShack, LC, US"
33438,"HIGHWINDS2 - Highwinds Network Group, Inc., US"
33475,"US | RSN-1 - RockSolid Network, Inc."
33480,"WEBWERKSAS1 - Web Werks, US"
33494,"IHNetworks, LLC"
33517,"Oracle Corporation"
33532,"US | VOYAGETECHAS - Voyage Technologies, US"
33552,"Fluid Hosting LLC"
33569,"ALLHOSTSHOP.COM"
33576,"Digicel Jamaica"
33611,"US | SBJ MEDIA LLC"
33688,"SE | SUMMITEIS-AS - SummitEIS"
33724,"BIZNESSHOSTING - VOLICO, US"
33779,"Wataniya Telecom Algerie"
33785,"CITYNET, EG"
33876,"DMNS - DOMINIOS, S.A."
33891,"CORE-BACKBONE, DE"
33968,"EASYSPACE LIMITED"
33984,"Surfplanet GmbH"
34011,"Host Europe GmbH"
34081,"INCUBATEC GmbH - Srl"
34088,"Host Europe GmbH"
34109,"DE | AS34109 CB3ROB Ltd."
34119,"Wildcard UK Limited"
34222,"ZONER software, a.s"
34224,"Neterra Ltd."
34235,"ASPSERVEUR SAS"
34240,"manitu GmbH"
34282,"UKDedicated LTD"
34300,"Internet-Cosmos LLC"
34305,"BASEIP, NL"
34309,"Link11 GmbH"
34358,"H88 WEB HOSTING S.R.L."
34360,"H88 S.A."
34432,"Profihost AG"
34458,"Smart Networks S.a.r.l"
34541,"Online Solutions Hosting Services"
34549,"meerfarbig GmbH & Co. KG"
34619,"CIZGI TELEKOMUNIKASYON ANONIM SIRKETI"
34649,"HOST365 LIMITED"
34665,"Petersburg Internet Network ltd."
34738,"WEBHOST LIMITED"
34745,"TeleWare Hosted Services Ltd."
34762,"Combell NV"
34788,"Neue Medien Muennich GmbH"
34895,"hostNET Medien GmbH"
34920,"Simply Transit Ltd"
34931,"Awareness Software Limited"
34948,"Claranet SASU"
34971,"PDDA-AS, CZ"
34989,"SERVETHEWORLD-AS, NO"
34991,"BG | WNS-AS, BG"
35017,"SWIFTWAY-AS Netherlands, GB"
35041,"Binero AB"
35196,"Ihor Hosting LLC"
35197,"Virtual ISP s.a.l."
35278,"SPRINTHOST.RU LLC"
35295,"PeterHost.Ru Hosting Provider at SPb"
35297,"UA | Dataline LLC"
35329,"Host Europe GmbH"
35366,"ISPPRO-AS EUserv / KOS-Online / Keepfree, DE"
35415,"Webzilla B.V."
35425,"IOMART HOSTING LIMITED"
35470,"Signet B.V."
35540,"OVH SAS"
35554,"8K Cloud Ltd"
35555,"RU | CrexFexPex-SecureRussia"
35592,"Coolhousing s.r.o."
35662,"REDSTATION European Network, GB"
35779,"mCloud doo"
35900,"Digicel Barbados Ltd"
35908,"Krypt Technologies"
35913,"DediPath"
35914,"FireHost, Inc."
35916,"MULTA-ASN1 - MULTACOM CORPORATION, US"
35974,"Carpathia Hosting, Inc."
36024,"COLO4-CO - Colo4, LLC, US"
36114,"VERSAWEB-ASN - Versaweb, LLC, US"
36218,"OC1-Cirrus LLC"
36236,"Host Virtual, Inc"
36263,"US | FORONA - Forona Technologies, Inc., US"
36290,"THECABLE-STKITTS-01 - The Cable of St. Kitts, KN"
36351,"SOFTLAYER - SoftLayer Technologies Inc., US"
36352,"AS-COLOCROSSING - ColoCrossing, US"
36354,"SherWeb inc."
36408,"CDNetworks Inc."
36444,"Liquid Web, L.L.C"
36454,"OC1-Conseev LLC"
36483,"Gossamer Threads Inc."
36489,"Netsolus.com Inc."
36536,"Enterhost"
36542,"SERVERNET - Gwinnett County Government, US"
36647,"Oath Holdings Inc."
36666,"GloboTech Communications"
36791,"Portland Internet Hosting LLC"
36873,"VNL1-AS, NG"
36887,"DOPC-AS, NG"
36920,"KKON, NG"
36943,"1 GRID (PTY) LTD"
36970,"interswitch, NG"
36999,"Telecom Namibia"
37018,"GALAXYBB-AS, NG"
37088,"VDT-AS, NG"
37135,"MZ | tropicalweb-as, MZ"
37153,"HETZNER, ZA"
37170,"UNILAG, NG"
37209,"HYPERIA, NG"
37230,"SWIFTTALK, NG"
37248,"PHASE3TEL, NG"
37266,"ZA | AMOBIA-ASN, ZA"
37268,"NG | E M West Africa, Lagos, Nigeria"
37269,"ICSL, NG"
37280,"BCL, NG"
37308,"COOLLINK, NG"
37347,"NGCOM, NG"
37377,"Futurecom, NG"
37472,"NIGCOMSAT, NG"
37506,"Zinox, NG"
37518,"SE | FIBERGRID"
37521,"Internet-Solutions-, NG"
37540,"WINROCK-, NG"
37611,"Afrihost (Pty) Ltd"
37643,"Ambion-AS, NG"
37661,"NRaE1-AS, NG"
37692,"NetStack-AS, ZA"
37714,"BITFLUX, NG"
37775,"ZA | DJIX-PEERING-AS, DJ"
37907,"DigiRock, Inc."
37962,"SG | CNNIC-SGATHER-AP Beijing Sgather Telecom Engineering Co.Ltd.,CN"
37963,"Hangzhou Alibaba Advertising Co.,Ltd."
38001,"NEWMEDIAEXPRESS-AS-AP NewMedia Express Pte Ltd, SG"
38107,"CDNetworks"
38186,"Forewin Telecom Group Limited, ISP at HK"
38197,"Sun Network (Hong Kong) Limited - HongKong Backbone"
38207,"Rajesh Multi Channel Pvt Ltd."
38220,"www.amaze.com.au"
38226,"Online Stock Trading Company"
38277,"CommuniLink Internet Limited."
38279,"IOMNET-AS ISP/Hosting service Provider Manila"
38283,"CHINANET SiChuan Telecom Internet Data Center"
38364,"LONGTEL NETWORKS & TECHNOLOGIES LTD."
38365,"Beijing Baidu Netcom Science and Technology Co., Ltd."
38457,"Honesty Net Solution (I) Pvt Ltd"
38478,"SunnyVision Limited"
38532,"USONYX PTE LTD"
38623,"ISP/IXP IN CAMBODIA WITH THE BEST VERVICE IN THERE."
38631,"LINE Corporation"
38700,"SMILESERV"
38719,"Dreamscape Networks Limited"
38731,"Vietel - CHT Compamy Ltd"
38735,"Global Data Service Joint Stock Company"
38843,"PUMO NETWORK DIGITAL TECHNOLOGY CO.,LTD"
38880,"Micron21 Datacentre Pty Ltd"
38894,"manageNET Pty Ltd hosting services"
38913,"RO | ENTER-NET-TEAM-AS Enter-Net Team SRL,RO"
38955,"World4You Internet Services GmbH"
38999,"Mobile Interim Company no.2 sal"
39020,"COMVIVE-AS Madrid - Spain, ES"
39122,"Blacknight Internet Solutions Limited"
39227,"Corpex Internet GmbH"
39324,"Mediam Oy"
39326,"HSO-GROUP, GB"
39351,"ESAB-AS, SE"
39368,"Idehpardazan-e-Electronic-e-Javanan Co. (Ltd.)"
39392,"SH.cz s.r.o."
39451,"Melbourne Server Hosting Ltd."
39458,"Real Hosts Limited"
39523,"RU | DV-LINK-AS"
39536,"LT | RSL-AS, DE"
39566,"Smarthost sp. z o.o."
39572,"ADVANCEDHOSTERS-AS, NL"
39647,"Enreach Netherlands B.V."
39704,"CJ2 Hosting B.V."
39729,"REGISTER S.P.A."
39743,"Voxility S.R.L."
39756,"EASYHOST SRL"
39758,"SimpliQ Tech SRL"
39782,"Rack Sphere Hosting S.A."
39783,"Host Europe GmbH"
39790,"Web4U s.r.o."
39798,"MivoCloud SRL"
39839,"DK Hostmaster A/S"
39845,"2 Cloud Ltd."
39962,"PRETECS NETWORKS INC."
40021,"CONTABO"
40065,"CNSERVERS LLC"
40092,"Loose Foot Computing Limited"
40156,"THEOPT-HOU - The Optimal Link Corporation, US"
40165,"US | TeraMESH Networks/ LLC."
40244,"Turnkey Internet Inc."
40281,"QWK.net Hosting, L.L.C."
40374,"High Density Hosting, Inc."
40395,"VIRTBIZ Internet Services"
40438,"Canhost Inc."
40446,"CN | -Reserved AS-, ZZ"
40529,"US | CORBIXNETWORKS - Moxie Communications, Inc., CA"
40539,"Hosting Consulting, Inc"
40630,"GridFury, LLC"
40665,"US | SPCTR - SPECTRE NETWORKS LTD, US"
40676,"AS40676 - Psychz Networks, US"
40715,"DataCenter.BZ, LLC"
40728,"GearHost, Inc."
40775,"US | WIRELESSASPAS1 - Wirelessasperations, LLC,US"
40819,"Liquid Web, L.L.C"
40824,"WZ Communications Inc."
40861,"PARAD-40-ASN - Paradise Networks LLC, US"
40975,"CHML Web Services SRL"
41000,"Freethought Internet Limited"
41011,"RO | Ch-net S.r.l."
41018,"OMNILANCE LTD"
41062,"ProstoHosting LTD"
41075,"ATW Internet Kft."
41079,"H88 S.A."
41281,"KeFF Networks Ltd"
41329,"Bishkek, Kyrgyzstan"
41331,"UA | MODA-UA-AS Privately Owned Enterprise _M.O.D.A._,UA"
41357,"34SP.com Limited"
41369,"DataCenter Finland Oy"
41378,"Kirino LLC"
41390,"RU | RN-DATA-, LV"
41427,"DataCenter d.o.o."
41500,"IR | LLC RUNET"
41508,"IWACOM Sp. z o.o."
41535,"Rusonyx, Ltd."
41541,"sw hosting &amp; communications technologies SL"
41562,"Host4all Sarl"
41564,"Packet Exchange"
41628,"Alterway Makers SASAU"
41634,"Svea Hosting AB"
41653,"AQUARAY, FR"
41665,"HOSTING-AS http://hosting.ua, UA"
41750,"Mega-Line Ltd."
42018,"HOSTBASKET BACKBONE"
42043,"Bertina Technology Company PJSC"
42093,"InterRacks C.V."
42120,"MODIT Datacenter Informatikai es Szolgaltato KFT"
42152,"UA | TALLIANCE , UA"
42159,"Zemlyaniy Dmitro Leonidovich"
42160,"LCPDCO LCP AS dc oostkamp, BE"
42183,"NET 360 S.A.R.L"
42210,"Host Virtual, Inc"
42220,"TREVENQUE SISTEMAS DE INFORMACION S.L."
42229,"PT | EBT-AS, PT"
42244,"Hosting Operator eServer.ru Ltd."
42311,"PGHOSTING-DRESDEN-BACKBONE"
42331,"FREEHOST, UA"
42352,"TOV &#39;Dream Line Holding&#39;"
42399,"Hosting Center LLC"
42400,"Multihost IT AS"
42418,"Hostnordic A/S"
42442,"Adacor Hosting GmbH"
42457,"ES | JOHNBART SOFTWARE & MUSIC S.L"
42462,"ES | Moneyback, S.L."
42465,"Websense Hosted Security - Anycast network"
42473,"ANEXIA-AS A-9020 Klagenfurt, AT"
42503,"Oktawave S.A."
42572,"abaton EDV-Dienstleistungs GmbH"
42602,"UA | KING-TRANS-AS, UA"
42612,"ASN de Dinahosting SL"
42622,"Teknik i Media Datacenter Stockholm AB"
42655,"ON-LINE Ltd"
42694,"MD | UPLINK, MD"
42695,"City Network International AB"
42699,"AS managedhosting.de GmbH"
42705,"Talia provides VSAT network and hosting services worldwide."
42708,"PORTLANE www.portlane.com, SE"
42730,"EVANZOAS, DE"
42776,"Hostel Ltd."
42807,"Aerotek Bilisim Sanayi ve Ticaret AS"
42831,"UK Dedicated Servers Limited"
42846,"GNET Internet Telekomunikasyon A.S."
42861,"RU | Foton Telecom CJSC"
42868,"Niobe Bilisim Teknolojileri Yazilim San. Tic. Ltd. Sti."
42910,"PremierDC Veri Merkezi Anonim Sirketi"
42926,"Radore Veri Merkezi Hizmetleri A.S."
42961,"ZAIN KW"
42964,"SigmaNet Szolgaltato es Kereskedelm Ltd"
42994,"Rachamim Aviel Twito trading as A.B INTERNET SOLUTIONS"
43021,"Certit Hosting Handelsbolag"
43043,"CZ | AUTO-1OPSY OPSYLON LLC.,CZ"
43108,"GARMTECH LP"
43146,"Agava ltd, RU"
43147,"UA | GALAXY, BG"
43198,"Outsourcery Hosting LTD"
43260,"DGN TEKNOLOJI A.S."
43289,"TRABIA trabia network, MD"
43317,"FISHNET-AS, RU"
43350,"NFORCE, NL"
43359,"Tarhely.Eu Szolgaltato Kft."
43362,"Majordomo llc"
43391,"Netdirekt A.S."
43444,"Blockchain Network Solutions Ltd"
43472,"HostingMax Ltd"
43541,"VSHosting s.r.o."
43554,"UA | Cifrovye Dispetcherskie Sistemy"
43620,"Syan Limited Hosting"
43624,"PQ HOSTING S.R.L."
43641,"Sollutium EU LLC"
43659,"DE | Cloud Computing Ltd."
43711,"Szervernet Ltd"
43758,"H88 S.A."
43773,"PE Konstantin Vladimirovich Kravchenko"
43847,"Martin Prager trading as NbIServ"
43927,"HOSTERION SRL"
43945,"| Netstyle A. Ltd"
43962,"INTEN J. Granat"
44050,"PIN-AS, RU"
44066,"DE FirstColo"
44094,"Webhost LLC"
44112,"SpaceWeb Ltd"
44128,"Internet-Pro LLC"
44133,"IPAX OG"
44136,"ODERLAND Webbhotell AB"
44204,"GB | FX-MEDIA-AS , RO"
44220,"Parfumuri Femei.com SRL"
44227,"JUSTNET-AS -- Carrier Service --, CH"
44398,"TDC Hosting"
44414,"RO | SC Holland Toner SRL"
44453,"interneX GmbH"
44476,"ZETTA HOSTING SOLUTIONS LLC."
44486,"Oliver Horscht is trading as SYNLINQ"
44520,"RO | Multihands SRL"
44559,"UA | ERENT-AS E-Rent LLC"
44684,"Mythic Beasts Ltd"
44685,"US | Patron Technology Persia Ltd"
44709,"O.M.C. COMPUTERS &amp; COMMUNICATIONS LTD"
44750,"UA | ATOMOHOST-AS ATOMOHOST-DC1, UA"
44812,"IP SERVER LLC"
44814,"BG | Bulgartel EAD"
44853,"MD | TELEHOST, MD"
44901,"BelCloud Hosting Corporation"
44922,"MEDYABIM INTERNET HIZMETLERI"
44925,"1984 ehf"
45012,"dogado GmbH"
45014,"Nuco Technologies Ltd"
45017,"UA | LIR UKRAINE LLC"
45031,"dogado GmbH"
45052,"RO | JONY-GLOBAL-GSM-SRL-AS Str. Tatulesti 5, RO"
45090,"Shenzhen Tencent Computer Systems Company Limited"
45102,"Alibaba (US) Technology Co., Ltd."
45117,"Ishan's Network"
45146,"PT. Raja Sepadan Abadi"
45152,"Zone Networks Pty Ltd, Managed Hosting Solutions"
45179,"SiteHost New Zealand"
45184,"Den Digital Entertainment Pvt. Ltd. AS ISP india"
45187,"RACKSPACE-AP Rackspace IT Hosting AS IT Hosting Provider Hon"
45194,"Syscon Infoway Pvt. Ltd."
45201,"BlueCentral Pty Ltd Hosting Solutions."
45224,"Lanka Bell Limited"
45235,"GEOCITY NETWORK SOLUTIONS PVT LTD"
45245,"banglalink an Orascom Telecom Company, providing GSM Telecom service in Bangladesh"
45276,"NReach Net (Pvt.) Ltd"
45328,"NIPA TECHNOLOGY CO., LTD"
45352,"IP ServerOne Solutions Sdn Bhd"
45356,"Mobitel Pvt Ltd"
45382,"EHOSTICT"
45415,"Vasai Cable Pvt. Ltd."
45459,"Web Drive Limited"
45470,"SG-8-TO-SG 8 to Infinity Pte Ltd, SG"
45481,"Digital Sense Data Centre Hosting Brisbane"
45486,"HostCorp Internet"
45498,"SMART AXIATA Co., Ltd."
45504,"KINGSPEED-TW-AP"
45528,"Tikona Infinet Ltd."
45538,"ODS Joint Stock Company"
45544,"SUPERDATA-VN"
45569,"US | XEEX-AS-AP Xeex Communication,IN"
45577,"Interhost Pacific Pty Ltd t/a Intervolve."
45582,"VAINAVI INDUSTIES LTD, INTERNET SERVICE PROVIDER, INDIA"
45629,"JasTel Network International Gateway"
45634,"10 Science Park Road"
45638,"SYNERGY WHOLESALE PTY LTD"
45652,"VPLS ASIA"
45671,"AS45671-NET-AU Wholesale Services Provider, AU"
45693,"INDIAGAMES TRANSIT AS Content hosting serivce India"
45731,"ARDH GLOBAL INDONESIA, PT"
45753,"NETSEC"
45758,"Triple T Internet/Triple T Broadband"
45769,"D-Vois Broadband Pvt Ltd"
45775,"WISH NET PRIVATE LIMITED"
45815,"ESDS Software Solution Pvt. Ltd."
45839,"Shinjiru Technology Sdn Bhd"
45887,"GPLHost LLC"
45903,"CMC Telecom Infrastructure Company"
45916,"Gujarat Telelink Pvt Ltd"
45942,"Sikka Broadband Pvt. Ltd."
46015,"Exa Bytes Network Sdn.Bhd."
46176,"Komputer King LLC"
46177,"SimpleCDN Technologies, Inc."
46260,"MEDHOST, Inc."
46261,"QuickPacket, LLC"
46284,"GB | FHCC-NETWORK - IFREEDOM DIRECT CORPORATION"
46293,"Midwest Energy &amp; Communications"
46370,"US | GRANDWEB - Grand Web Solutions, Inc., US"
46408,"Columbus Communication St. Vincent and the Grenadines Ltd."
46430,"ASN-VICTON - VICTON, Inc., CA"
46433,"EBOUNDHOST.com"
46475,"Limestone Networks, Inc."
46562,"TOTAL-SERVER-SOLUTIONS - Total Server Solutions L.L.C., US"
46573,"GLOBAL-FRAG-NETWORKS - Global Frag Networks, US"
46606,"Unified Layer"
46636,"NatCoWeb Corp."
46640,"US | US Broadband LLC"
46664,"VOLUMEDRIVE - VolumeDrive, US"
46723,"| RESNET"
46805,"CACHED - CachedNet LLC, US"
46816,"DSNETWORKS-001 - DirectSpace Networks, LLC., US"
46841,"Fork Networking, LLC"
46844,"Sharktech"
46873,"Host Color"
46879,"US | WEBZE-1-AS - Webzero Inc.,US"
46931,"US | COUGARCOMM - Cougar Communications,US"
46945,"Elite Hosts, Inc."
47002,"Tiger Technologies LLC"
47066,"prgmr.com, Inc."
47142,"UA | STEEPHOST-AS, UA"
47143,"Todayhost Limited"
47161,"KosmoHost IT Technologies LTD"
47172,"Greenhost BV"
47196,"Garant Park Internet"
47205,"UAB HOSTEX"
47215,"Filoo GmbH"
47242,"Host SpA"
47328,"TRI-AS, ES"
47381,"DoclerWeb Informatikai Kft."
47385,"Hosting center Ltd."
47447,"23media GmbH"
47500,"MD | I-INVEST, MD"
47513,"FOP Zubenko Volodimir Oleksandrovich"
47521,"Prokopiou A. Toulkaridis X. O.E."
47541,"http://vk.com"
47544,"IQ PL Sp. z o.o."
47549,"Hosting Systems Ltd"
47577,"Righthosting Ltd"
47583,"Hostinger International Limited"
47588,"TELENETRONICS-AS, RS"
47589,"Kuwait Telecommunication Company (Under Association)"
47598,"UA | KHTEL-AS, UA"
47602,"RS | PROFISOL-AS, RO"
47625,"Paul David Hughes trading as Hosting Systems"
47692,"Nessus GmbH"
47841,"Claranet SASU"
47860,"UA | ALBINO-UA-AS LLC _Albino_"
47869,"Ellada Projects B.V. trading as Netrouting"
47886,"Equinix (Netherlands) B.V."
47893,"UA | SHOPINBOX2, UA"
47920,"UA | COMREC, UA"
47967,"RO | Sc Neoland Srl"
47995,"RU | Apple Technologies LLC"
48024,"NEROCLOUD LTD"
48028,"US | HAXXR-GAMES, GB"
48030,"BG | CRYPT-LOGIC, BG"
48066,"RU | MOBILESTROYPROEKTAS, RU"
48093,"Webland Hosting AB"
48095,"XT GLOBAL NETWORKS LTD."
48096,"Enterprise Cloud Ltd."
48206,"Net Pro sarl"
48252,"DIGICEL ANTILLES FRANCAISES GUYANE SA"
48254,"20i Limited"
48262,"PT | TELENEUT-AS, GB"
48266,"RO | SC Epogen Media SRL"
48277,"RO | SOREX SOREX MEDIA S.R.L.,RO"
48282,"Hosting technology LTD"
48287,"JSC RU-CENTER"
48324,"webgo GmbH"
48347,"JSC Mediasoft ekspert"
48348,"Cloud Builders SA"
48403,"Planeetta Internet Oy"
48434,"Tebyan-e-Noor Cultural-Artistic Institute"
48446,"Hostersi Sp. z o.o."
48492,"I.Q Online for Internet Services and Communications LLC"
48505,"Kylos sp. z o.o."
48551,"Sindad Network Technology Ltd"
48635,"PCextreme B.V."
48684,"Viking Host B.V."
48689,"Webglobe - Yegon, s.r.o."
48716,"PS Internet Company LLC"
48737,"DoraTelekom"
48812,"DataCenter Noord BV"
48815,"Critical Case s.r.l"
48823,"Hosting.de GmbH"
48825,"Fast2host Ltd"
48832,"Linkdotnet-Jordan"
48847,"WAVES S.A.L"
48854,"team.blue Denmark A/S"
48882,"UA | OPTIMA-SHID-AS, UA"
48896,"dhosting.pl Sp. z o.o."
48950,"GLOBAL COLOCATION LIMITED"
48974,"MD | I-INVEST, MD"
49006,"MD | SISTEME, MD"
49063,"Dataline Ltd"
49073,"Moviement srl"
49074,"RO | Sc Technological Srl"
49126,"IHS Telekomunikasyon Ltd"
49173,"RO | Holland Toner Ltd."
49302,"RO | ACTIVENET-AS Str. Rusu Sirianu nr 8, RO"
49313,"Seva-Host Ltd"
49349,"DOTSI, PT"
49352,"Domain names registrar REG.RU, Ltd"
49367,"ASSEFLOW Amsterdam Internet Exchange (AMS-IX), IT"
49392,"http://justhost.ru"
49434,"Harmony hosting"
49443,"MD | Sisteme Avansate SRL"
49447,"NL | Nice IT Services Group Inc."
49453,"GLOBALLAYER, NL"
49467,"Inetmar internet Hizmetleri San. Tic. Ltd. Sti"
49485,"High Availability Hosting Limited"
49505,"OOO Network of data-centers Selectel"
49532,"SERVERHUB-, DE"
49544,"I3DNET, NL"
49597,"CN | ENDAV-AS , BG"
49604,"Zone Media OU"
49628,"LLC Skytel"
49635,"CLOUDI NEXTGEN SL"
49643,"RO | Holland Toner Kft"
49682,"RO | REAL STYLE ALFA SRL"
49693,"Best-Hoster Group Co. Ltd"
49699,"Internet Corporated Networks Ltd."
49815,"Host2 Ltd"
49818,"BG | ROYAL , RO"
49834,"Best Hosting Company Ltd"
49855,"PLUTEX GmbH"
49879,"ISIK Bilgisayar Internet ve Yayincilik Hizmetleri"
49949,"24 Solutions Hosting Services AB"
49964,"VERIXI - VERIXI SA, BE"
49981,"WorldStream B.V."
50056,"Ai Networks Limited"
50113,"NTX Technologies s.r.o."
50131,"Spartan Host Ltd"
50245,"Serverel"
50297,"INFIUM, UA"
50300,"CustodianDC Limited"
50340,"OOO Network of data-centers Selectel"
50461,"IQ | ALMADINAH-AS , IQ"
50465,"IQHost Ltd"
50474,"O2SWITCH SARL"
50500,"BITAR NET SARL"
50599,"Data Space Sp. z o.o."
50608,"Ventelo Hosting AS"
50613,"THORDC-AS, IS"
50630,"TJ | NOMINEK-MNT, TJ"
50655,"Its Hosted"
50673,"Serverius"
50840,"Marek Bajerski trading as HITME.PL"
50867,"Hostkey B.v."
50872,"LOCALHOST D.O.O."
50891,"Moviement srl"
50915,"S.C. Everhost S.R.L."
50926,"Infortelecom Hosting, S.L."
50937,"Tes Euro Media SRL"
50939,"Space Ro SRL"
50941,"Vargonen Teknoloji ve Bilisim Sanayi Ticaret Anonim Sirketi"
50957,"MEMSET Ltd"
50968,"Hostmaster, Ltd."
50986,"Excellent Hosting Sweden AB"
51013,"WebSupport s.r.o."
51050,"H4Hosting B.V."
51092,"RU | OREOL LLC"
51109,"CAMELHOST SIA"
51159,"THINKSYSTEMSUK-ASN, GB"
51167,"Contabo GmbH"
51177,"THC Projects SRL"
51191,"XIRRA, DE"
51241,"Iran Post Company-Tehran DataCenter"
51248,"Host-Telecom.com s.r.o."
51290,"HOSTEAM S.C. TOMASZ GROSZEWSKI BARTOSZ WASZAK LUKASZ GROSZEWSKI"
51294,"HUBARA hosting solutions S.L."
51346,"Opened Joint Stock Company Tojiktelecom"
51395,"AS-SOFTPLUS, CH"
51430,"AltusHost B.V."
51445,"RO | DUMICONET Dumcon Intermed SRL"
51447,"RootLayer Web Services Ltd."
51468,"One.com A/S"
51490,"GB | Proper Support LLP"
51557,"Isimtescil Bilisim A.S."
51559,"Netinternet Bilisim Teknolojileri AS"
51659,"LLC Baxet"
51698,"Activehost RU Ltd."
51718,"Hospedaje y Dominios S.L."
51731,"GTT a.s."
51747,"Internet Vikings International AB"
51765,"ASEUHOST, FI"
51790,"SIEL, INFORMACIJSKE RESITVE, D.O.O."
51842,"RO | DSCNET DSC.NET SRL"
51852,"PLI-AS, CH"
51862,"1&1 IONOS SE"
51961,"CA | XNS Technology Group Inc."
51983,"RO | PROEVOLUTION PROEVOLUTION SRL,RO"
52000,"Innovation IT Solutions LTD"
52030,"Server Plan S.r.l."
52048,"DATACLUB, LV"
52173,"MAKONIX, LV"
52219,"ROUTERNETWORKS, US"
52236,"G2KHosting S.A."
52260,"TAÂ©lAÂ©communications de HaitAÂ­ (Teleco)"
52262,"TelefAÂ³nica Celular S.A"
52270,"ELSERVER S.R.L"
52302,"PA | Awknet International, S.A."
52321,"Fideicomiso de Administraci&#243;n Datacenter Capitalinas"
52335,"Colombia Hosting"
52347,"HOSTCLICK, de DUCA GRACIELA MIRTA"
52362,"Servicios Innovadores de ComunicaciAÂ³n y Entretenimiento, S.A."
52368,"ZAM LTDA."
52393,"US | Corporacion Dana S.A."
52449,"BZ | My Tech"
52465,"WNet Internet y Hosting"
52468,"UFINET PANAMA S.A."
52485,"HN | networksdelmanana.com, HN"
52499,"BZ | MegaLink, BO"
52523,"BR | COMPANHIA PAULISTA DE FORCA E LUZ, BR"
52674,"DATACENTER LTDA"
52733,"BR | Volcano Com. e Serv. Imp. Exp. LTDA, BR"
52925,"Ascenty DataCenters Locacao e Servicos LTDA"
53013,"WIX NET DO BRASIL LTDA, BR"
53055,"HostDime.com.br Data Center"
53057,"RedeHost Internet Ltda."
53101,"Datacenter e Provedores Ltda-ME"
53221,"INTERNET DATACENTER"
53225,"DATACENTER"
53243,"Brasil Site Informatica LTDA"
53281,"Clearpath Hosting"
53318,"US | CRITICAL-DATA-NETWORK-SDAS - Critical Data Network, Inc."
53332,"C2Hosting, LLC"
53340,"FIBERHUB - VegasNAP, LLC, US"
53342,"All Nine Hosting, Inc."
53346,"US | ONE-WORLD-TELECOM - One World Telecom, US"
53356,"Freerange Cloud"
53369,"US | EXTREMELINKCORP - extreme link Corporation, US"
53370,"dotCOM host"
53440,"US | NETWD - Netwide Corporation,US"
53559,"ANONYMIZER - Anonymizer Inc., US"
53587,"AZURE TECHNOLOGY CO., LIMITED"
53589,"PlanetHoster"
53597,"HOYOS-CONSULTING-LLC - Hoyos Consulting LLC, US"
53611,"US | EARTHMETA MULTIMEDIA STUDIOS"
53628,"Apyl Inc"
53648,"US | PWRHSE - The PowerHouse Network, US"
53667,"FranTech Solutions"
53723,"US | FAST2500 - Fast Lane Communications LLC, US"
53755,"Input Output Flood LLC"
53812,"US | Sparrowise Technology LLC"
53824,"Liquid Web, L.L.C"
53850,"GORILLASERVERS - GorillaServers, Inc., US"
53889,"MICFO - Micfo, LLC., US"
53914,"Genesis Hosting Solutions, LLC"
53918,"Host Hotels and Resorts, L.P."
53974,"Jazz Network Inc."
54014,"US | VUNITY-INC - vUnity, Inc,US"
54046,"QUICKWEB-USA-NET - QuickWeb Technologies LLC, US"
54104,"AS-NETDNA - netDNA, US"
54113,"Fastly"
54163,"AHOSTING"
54203,"RBLHST-FL - Strong Technology, LLC., US"
54290,"Hostwinds LLC."
54334,"Roya Hosting LLC"
54455,"MADEIT - MadeIT inc., US"
54456,"CloudAccess.net, LLC"
54489,"CORESPACE-DAL - CoreSpace, Inc., US"
54500,"18779 - EGIHosting, US"
54527,"Astute Hosting Inc."
54540,"INCERO - Incero LLC, US"
54555,"Host Duplex, LLC"
54561,"SECUREDRAGON - Secure Dragon LLC., US"
54574,"DMIT Cloud Services"
54600,"PEG TECH INC"
54641,"InMotion Hosting, Inc."
54643,"Idigital Internet Inc."
54817,"ALDEN HOSTING LLC"
54825,"Packet Host, Inc."
54839,"Lowest Host/Empire Technology LLC"
54994,"QUANTIL NETWORKS INC"
54997,"US | ACQUINITY - Acquinity Interactive, LLC,US"
55000,"XNNET LLC"
55002,"Defense.Net, Inc"
55017,"VDC Virtual Data Corp."
55045,"TekTonic"
55051,"EBOUNDHOST.com"
55081,"24 SHELLS"
55150,"US | DST-01 - DST Resources,US"
55225,"ILIKA - velia.net (USA) Inc., US"
55229,"White Sands Hosting"
55256,"Netskope Inc"
55286,"SERVER-MANIA - B2 Net Solutions Inc., CA"
55293,"A2 Hosting, Inc."
55303,"60 Market Square,P.O. Box 364"
55352,"Microscan Computers Private Limited"
55359,"Fluccs Australia Australian Cloud Provider"
55388,"ASJ INC."
55470,"Cyfuture India Pvt. Ltd."
55536,"PSWITCH-HK PACSWITCH IP NETWORK, HK"
55577,"Atria Convergence Technologies pvt ltd"
55639,"Asia Web Service Ltd"
55660,"PT Master Web Network"
55688,"PT. Beon Intermedia"
55701,"PT. Usaha Adisanggoro"
55720,"Gigabit Hosting Sdn Bhd"
55761,"Colocation Hosting Sdn Bhd"
55799,"Hostemo Technology Sdn Bhd"
55803,"Hostopia Australia Web Pty Ltd"
55805,"MobiCom Corporation"
55824,"NKN Core Network"
55832,"HOME SYSTEMS PVT.LTD"
55862,"Wan & Lan Internet Pvt Ltd"
55933,"CLOUDIE-AS-AP Cloudie Limited, HK"
55944,"Ooredoo Maldives Plc"
55947,"Bangalore Broadband Network Pvt Ltd"
55967,"Beijing Baidu Netcom Science and Technology Co., Ltd."
55990,"Huawei Cloud Service data center"
56067,"453 Ladplacout Jorakhaebua"
56106,"DEDICATEDGAMING.COM.AU - Hosting Provider AUSTRALIA"
56110,"Everdata Technologies Pvt Ltd"
56150,"Viet Solutions Services Trading Company Limited"
56209,"R. K. INFRATEL LIMITED"
56268,"Northeast Dataa Network Pvt Ltd"
56291,"JP | ACE-AS-AP Ace, Inc., JP"
56300,"MyRepublic Ltd."
56309,"408 Fl4 CATTOWER"
56322,"SERVERASTRA-AS, HU"
56430,"Chroot Network SRL"
56485,"Sedinkin Olexandr Valeriyovuch"
56577,"Relink LTD"
56582,"NETFACTOR TELEKOMINIKASYON VE TEKNOLOJI HIZMETLERI SANAYI VE JSC"
56611,"NL | REBACOM-AS, NL"
56617,"SIA VPS Hosting"
56630,"MELBICOM-EU-AS, NL"
56655,"TerraHost AS"
56694,"LLC Smart Ape"
56696,"Liquid Telecommunications Ltd"
56732,"Hostinet AS"
56740,"DataHata Ltd"
56784,"Limited liability company MultiHOST MSK"
56799,"Jordens Datacenter NV"
56831,"RO | INEVO Inevo Labs SRL"
56851,"PE Skurykhin Mukola Volodumurovuch"
56902,"Energy Bridge Sarl"
56934,"SOLOGIGABIT-AS, ES"
57043,"HOSTKEY-AS, NL"
57054,"SE | BGPM Consulting AB"
57059,"UA | UKRADSLAS ChP Timchenko Evgeniy Nikolaevich,UA"
57129,"RU | RU-SERVERSGET-KRSK, RU"
57166,"UA | UA-D2INVESTUKRAINE-AS , UA"
57168,"Amito Ltd"
57169,"EDIS-AS-EU, AT"
57172,"GLOBALLAYER, NL"
57189,"RU | UNIFIRM LLC"
57230,"ARIAWEBCO-AS, GB"
57256,"Pros-Services S.A.R.L."
57286,"Gigas Hosting S.A."
57345,"ADM-HOST di Ratti Alessandro"
57363,"CDNvideo LLC"
57367,"ATM S.A."
57433,"DE | INTERCOLO-AS intercolo IP-Backbone, DE"
57494,"Adman LLC"
57497,"Faraso Samaneh Pasargad Ltd."
57513,"Mobile interim company 1 S.A.L."
57588,"Hayat for Internet & communication LLC"
57669,"DediPower Managed Hosting Limited"
57682,"TOV HOST VDS"
57717,"NL | FiberXpress BV"
57724,"DDOS-GUARD LTD"
57751,"KR | DRK-ALLIANCE-AS DRK-Alliance Ltd.,RU"
57752,"NORMHOST SARL"
57756,"RU | POLY-NET-AS PE Gaftkovich Irina Valer_evna"
57773,"HOSTINGBIT SRL"
57814,"Cloud 9 Ltd."
57844,"SPDNet Telekomunikasyon Hizmetleri Bilgi Teknolojileri Taahhut Sanayi Ve Ticaret A.S."
57858,"AS57858, EE"
57878,"Prager Connect GmbH"
57879,"sfip84 Hosting und mehr UG haftungsbeschraenkt"
57880,"GB | PROPER-SUPPORT-LLP, GB"
57972,"EE | JINGYUN, EE"
58003,"Planeetta Internet Oy"
58010,"uvensys GmbH"
58014,"RU | MDS-AS MDS ltd.,RU"
58018,"IL | Netstyle A. Ltd"
58061,"Scalaxy B.V."
58065,"Packet Exchange Limited"
58073,"YISP-AS, NL"
58099,"HK | MIKIMA-AS Mikma Ltd.,UA"
58110,"IP Volume LTD"
58113,"LIR DATACENTER TELECOM SRL"
58212,"PHP-Friends GmbH"
58222,"RU | SOLAR-AS, GB"
58262,"Negah Roshan Pars Company (PJS)"
58269,"Cloud hosting"
58305,"SYN, GB"
58313,"RU | RU-LINKTELECOM-ASN CJSC Link Telecom,RU"
58366,"BG | BGONLINE Bulgaria On Line,BG"
58397,"PT Infinys System Indonesia"
58404,"PT Qwords Company International"
58451,"EASYHOST SOLUTION LIMITED"
58487,"Rumahweb Indonesia CV."
58621,"Vodien Internet Solutions Pte Ltd"
58640,"NEXTRA TELESERVICES PVT. LTD."
58667,"SmartNet Hosting and connectivity"
58678,"Intech Online Private Limited"
58683,"Rackspace.com Sydney"
58762,"Candor infosolution Pvt Ltd"
58765,"Bittel Telecom Pvt Ltd"
58779,"i4HK Limited"
58791,"GMO Internet,Inc"
58797,"Carpathia Hosting"
58827,"CN | Jilin Gosun Technology Co. Ltd"
58879,"Shanghai Anchang Network Security Technology Co.,Ltd."
58922,"Microchannel Hosting Pty Ltd"
58936,"Managed Hosted Applications Limited"
58940,"Dedicated Servers Australia"
58955,"Bangmod Enterprise Co., Ltd."
58962,"SiChuan Century LiXin Financial Management Consulting Co., LTD"
58964,"IN | IGIGLE HOST"
58965,"ANJANI BROADBAND SOLUTIONS PVT.LTD."
58969,"Kerala Communicators Cable Limited"
59094,"esu2 Corporation"
59135,"PT Dapur Hosting"
59164,"Apollo Online Services Pvt ltd"
59210,"US | PhoenixNap LLC"
59253,"Leaseweb Asia Pacific pte. ltd."
59344,"JP | SHENZHEN-WETRANS Shenzhen-WETRANS,HK"
59349,"GMO-Z-COM GMO-Z.COM PTE. LTD., SG"
59371,"Dimension Network &amp; Communication Limited"
59374,"BEST IDC by Best Internet Service Solution"
59384,"NL | CHINANET-LIAONING-SHENYANG-MAN CHINANET Liaoning province network,CN"
59431,"Ravand Tazeh Co,.PJS."
59432,"GINERNET, ES"
59441,"Hostiran Network"
59447,"Istanbuldc Veri Merkezi Ltd Sti"
59504,"CYBERTECH-AS, RU"
59545,"VXbits"
59554,"Datacenter Groningen B.V."
59615,"CLOUD HOSTING LLC"
59625,"Korek Telecom Company for Communications LLC"
59632,"SC Pidgin Host SRL"
59677,"LLC Kras-Host"
59684,"Hoster kg, Ltd."
59705,"POBOX Hosting Limited"
59729,"ITL-, BG"
59749,"UA | CLEANMAT, BG"
59764,"ATLANTIC-NET, GB"
59791,"Linqhost B.V."
59795,"SecurityLayer Hosting Solutions SRL"
59796,"StormWall s.r.o."
59816,"SAFE HOSTS INTERNET LLP"
59854,"Top Level Hosting SRL"
59939,"WIBO Baltic UAB"
59943,"Level 27 BVBA"
59980,"Mijndomein Hosting B.V."
60011,"BHOST, GB"
60068,"CDN77, GB"
60071,"RendszerNET Kft."
60087,"Netsons s.r.l."
60117,"Host Sailor Ltd"
60118,"ALISTAR-AS, RO"
60144,"3W Infra B.V."
60318,"BG | VENDETA4-AS 4 Vendeta Ltd.,BG"
60330,"Belarusian Cloud Technologies JLLC"
60371,"MT | HPSDEDICATED Int Gambling Ltd,MT"
60372,"EagleNet s.a.r.l."
60380,"Michael Rottmann trading as Pixel X e.K."
60394,"US | MINOTAVAR-AS Minotavar Computers EOOD,BG"
60404,"Liteserver"
60422,"Powerhosting Aps"
60458,"Xtudio Networks S.L.U."
60460,"Aziende Italia S.r.l."
60485,"AS-60485, EE"
60505,"TELENET-SLJUDJANKA-AS, RU"
60539,"RO | Newton Advertising S.R.L."
60558,"SECUREDSERVERS-, EU"
60567,"DATACLUB-, SE"
60610,"Amito Ltd"
60631,"Pars Parva System LLC"
60695,"DE | ASN-NETRONIK Netronik Sp. z o.o.,PL"
60721,"Bursabil Teknoloji A.S."
60739,"Server Centre Hosting Ltd"
60781,"LeaseWeb Netherlands B.V."
60798,"Servereasy Srl"
60800,"Netwise Hosting Ltd."
60819,"Safenames Ltd."
60887,"RU | ZEXOCHIP Current Technologies LLC trading as Zexochip Hosting"
60937,"RU | BUSINESSTORG-AS BusinessTorg ltd.,RU"
60974,"BG | NAICOMS Naicoms EOOD,BG"
61047,"JAUBERT CHRISTIAN trading as KALANDA"
61055,"Roshangar Rayaneh Tehran Co. Ltd."
61098,"Akenes SA"
61102,"Interhost Communication Solutions Ltd."
61107,"UNIVERSAL CDN (CYPRUS) LTD"
61147,"CallHosted B.V."
61157,"PLUSSERVER-ASN1, DE"
61173,"Green Web Samaneh Novin Co Ltd"
61211,"SETCOR d.o.o."
61272,"Informacines sistemos ir technologijos, UAB"
61280,"By Hosting B.V."
61317,"ASDETUK http://www.host1plus.com, GB"
61323,"UKFAST.NET LIMITED"
61412,"BunkerInfra Datacenters BV"
61422,"RU | TD-VITA-NET TD-VITA LLC."
61440,"Digital Energy Technologies Chile SpA, CL"
61493,"InterBS S.R.L. (BAEHOST)"
61998,"SzerverPlex.hu KFT."
62000,"Datawire SAS"
62026,"SkyparkCDN Ltd."
62049,"Penta Corporate Hosting Ltd"
62052,"BG | asnicom Eood"
62058,"PE | NANODAT _NANODAT_ EOOD,BG"
62068,"NL | SpectraIP B.V."
62071,"Datahost SRL"
62079,"ES | Ibernap Management S.L."
62080,"BG | Kaney Ltd."
62082,"Hostland LTD"
62088,"Sinarohost LTD"
62093,"AU | SMK-AS SMK Energy Plc.,BG"
62115,"CZ | ASOMNICAP Omni Cap Distribution s.r.o.,CZ"
62214,"RACKFOREST-AS, HU"
62217,"VOOSERVERS, GB"
62228,"CN | DMAR-AS Decision Marketing LTD,BG"
62240,"CLOUVIDER London, United Kingdom, GB"
62266,"IR | NSGASN Networking Solutions Group,NL"
62282,"RACKRAY UAB Rakrejus, LT"
62292,"EZIT Kft."
62294,"CN | CASTCABLE CastCable Limited,HK"
62310,"managedhosting.de GmbH"
62355,"CH | Network Dedicated SAS"
62370,"Snel.com B.V."
62416,"PTServidor"
62442,"Dade Samane Fanava Company (PJS)"
62468,"VpsQuan L.L.C."
62471,"SWITCHDATASOLUTIONS-AS - SupremeBytes, LLC, US"
62485,"US | M-GO"
62519,"US | CERTIFIEDHOST-ASN - Certified Host, LLC,US"
62540,"DRAKE-AS - Drake Holdings LLC, US"
62563,"GLOBALTELEHOST Corp."
62567,"DIGITALOCEAN-ASN-NY2 - Digital Ocean, Inc., US"
62601,"US | Saturn Services LLC"
62605,"Brain Host, LLC"
62651,"Reliablehosting.com"
62703,"US | CONNECTIONET - Connectionet Solutions, US"
62729,"A Small Orange LLC"
62741,"VG | AS-IPL - IP Systems Limited, VG"
62756,"HostRocket.com, Inc."
62785,"US | Splitter Interactive, LLC"
62838,"Reprise Hosting"
62874,"WEB2OBJECTS - Web2Objects LLC, US"
62878,"US | Xlitt"
62899,"Clarity Web Hosting Inc."
62900,"ColoMX LLC"
62904,"EONIX-COMMUNICATIONS-ASBLOCK-62904 - Eonix Corporation, US"
62922,"US | Clickjet Media"
62927,"US | Moose-Tec"
63008,"CONTINA - Contina, US"
63018,"Dedicated.com"
63023,"AS-GLOBALTELEHOST"
63043,"US | ZERO DDOS LLC"
63119,"AS-63119 - netirons, US"
63128,"RBLHST-TOR - Strong Technology, LLC., US"
63129,"DL Host"
63157,"IN | AS-NEWFX - NewFX Labs, Inc., ZZ"
63199,"CDSC-AS1 - Capitalonline Data Service Co.,LTD, US"
63213,"Astute Hosting Inc."
63410,"PrivateSystems Networks"
63473,"HOSTHATCH-ASN - HostHatch, Inc, US"
63485,"US | PATRIOT-ASN - Patriot Web Solutions, US"
63695,"WeiYi Network Technology Co., Ltd"
63731,"TIEN PHAT TECHNOLOGY CORPORATION"
63759,"TaDu Joint Stock Company"
63760,"AZDIGI Corporation"
63761,"Cong ty TNHH Dich vu truc tuyen Maxdata"
63889,"Cloud Iv Limited"
63916,"RSH Hosting Network"
63930,"READY SERVER PTE LTD"
63940,"dragonhispeed"
63949,"LINODE-AP Linode, LLC, US"
63956,"Colocation Australia Pty Ltd"
63989,"DE-CORP"
63990,"US | PROTRAFSOLUTIONS-AS-AP ProTraf Solutions LLC,AU"
63997,"Tsukaeru.net, Web Hosting Company, Japan"
64013,"US | PING-GLOBAL Ping Global ASN, HK"
64035,"AU | ZIRTUE-AS Zirtue, LLC, AU"
64050,"BGPNET Global ASN"
64056,"KAZILALLC-AS-AP Kazila LLC, AU"
64067,"HK | STACK-HK Stack Network Limited, HK"
64085,"ZA | Safren Computer Services"
64236,"Accuserv Inc"
64245,"AS-DIGITALFYRE - DigitalFyre Internet Solutions, LLC., US"
64425,"SKB Enterprise B.V."
64484,"ASDMZHOST, NL"
65075,"US | Private Use AS"
80780,"US | Clnetworks Inc"
131090,"CAT TELECOM Public Company Ltd,CAT"
131149,"Yuan-Jhen Info., Co., Ltd"
131267,"PO box T511 Phonexay road - Xaysettha district"
131269,"ACTFIBERNET Pvt Ltd"
131321,"US | FASTMAILPRESSLTD-AS-AP Fastmail Press LTD, GB"
131334,"JP | MAXHIGH-HK MAX HIGH,HK"
131353,"NhanHoa Software company"
131386,"Long Van System Solution JSC"
131392,"GMO-Z.com Runsystem Joint Stock Company"
131414,"Long Van Soft Solution JSC"
131423,"Branch of Long Van System Solution JSC - Hanoi"
131429,"MOBIFONE Corporation"
131442,"Digital Network Associates Pvt Ltd"
131447,"POPIDC powered by CSLoxinfo"
131472,"TH | DRAGONHISPEED-TH 807/315 m.8 Coocot,TH"
131775,"PT. Jupiter Jala Arta"
131788,"AU | FUTURINT-IN FUTURISTIC INTERNET SERVICES PRIVATE LIMITED, IN"
131921,"GMO GlobalSign Holdings K.K."
131965,"Xserver Inc."
132045,"Bharti Airtel Lanka Pvt. Limited"
132056,"SCICUBE"
132061,"Realmove Company Limited"
132070,"Interhost Pacific Pty Ltd t/a Intervolve."
132071,"Interhost Pacific Pty Ltd t/a Intervolve"
132111,"Bigband Sdn Bhd"
132116,"Ani Network Pvt Ltd"
132165,"Connect Communications"
132198,"iCore Technology Sdn Bhd"
132199,"Globe Telecom Inc."
132203,"Tencent Building, Kejizhongyi Avenue"
132212,"NZ | YOUNGSTOWN-AS-AP Youngstown Systems LLC, US"
132220,"JPR Digital Pvt. Ltd."
132225,"Hosted Continuity Pty Ltd"
132231,"CN | BBTECNETWORKS-HK RM18, 9/F., Kwan Yick Building Phase 1, 430-440A Des Voeux Rd. West.,HK"
132241,"SKSA TECHNOLOGY SDN BHD"
132296,"Seven Star Digital Network Private Limited"
132322,"Good Domain Registry Private Limited"
132335,"LeapSwitch Networks Pvt Ltd"
132425,"APC Hosting Pte Ltd"
132447,"234, Galle Road, Colombo 4"
132453,"TRIPLE PLAY BROADBAND PRIVATE LIMITED"
132497,"DIGITAL NETWORK ASSOCIATES PRIVATE LIMITED"
132509,"DIGIWEB ADVANCED HOSTING LIMITED"
132556,"Blue Lotus Support Services Pvt Ltd"
132717,"NxtGen Datacenter &amp; Cloud Technologies Pvt. Ltd."
132721,"Ping Global Amsterdam POP ASN"
132742,"Guochao Group limited"
132757,"Sristi Sanchar Webnet Ltd."
132768,"Five network Broadband Solution Pvt Ltd"
132770,"Gazon Communications India Limited"
132779,"RackBank Datacenters Private Ltd"
132813,"HK AISI CLOUD COMPUTING LIMITED"
132816,"SIMPLERCLOUD-AS-AP SimplerCloud Pte Ltd, SG"
132825,"Defense Australia Network"
132869,"Dedicated-Hosting Solutions"
132883,"TOPWAY GLOBAL LIMITED"
132932,"It Things"
132934,"Skymax Broadband Services Pvt. Ltd."
132976,"Kings Broadband Pvt Ltd"
132996,"Threesa Infoway Pvt.Ltd."
133001,"Airnet Cable And Datacom Pvt Ltd"
133024,"Room 704, ChinaChen Leighton Plaza"
133115,"HK Kwaifong Group Limited"
133120,"Hosted Network Pty. Ltd."
133143,"Medihost Solutions Pty Ltd"
133159,"Mammoth Media Pty Ltd"
133199,"SonderCloud Limited"
133201,"ABCDE GROUP COMPANY LIMITED"
133222,"IN | ALPHAINFONETWORK-AS AlphaInfonet, IN"
133229,"Host Palace Internet Services"
133275,"Gigantic Infotel Pvt Ltd"
133287,"Andhra Pradesh State FiberNet Limited"
133296,"WEBWERKS-AS-IN Web Werks India Pvt. Ltd., IN"
133320,"IN | Alpha Infolab Private limited"
133393,"Naki Host Limited"
133441,"CloudITIDC Global"
133480,"INTERGRID-AS-AP Intergrid Group Pty Ltd, AU"
133481,"AIS Fibre"
133643,"Ewebguru"
133647,"ELXIRE DATA SERVICES PVT. LTD."
133652,"Zapbytes Technologies Pvt. Ltd."
133676,"Precious netcom pvt ltd"
133696,"Fastway Transmission Private Limited"
133720,"SOFT CALL CUST-O-CARE PRIVATE LIMITED"
133752,"LEASEWEB-APAC-HKG-10 Leaseweb Asia Pacific pte. ltd., HK"
133775,"Xiamen"
133779,"Huayun Data International Limited"
133800,"PT Biznet Gio Nusantara"
133855,"CN | INFOLINK-AS Infolink Communications,HK"
133982,"Excitel Broadband Private Limited"
133997,"E and U Technology Services LLP"
134014,"NET 4 U SERVICES PVT LTD"
134022,"Genstar Network Solutions Pvt Ltd."
134026,"Ultranet services private limited"
134033,"HIREACH BROADBAND PRIVATE LTD"
134053,"ETHERNET XPRESS PVT. LTD."
134190,"MY | IPDC SOLUTIONS SDN BHD"
134316,"World Star Communication"
134375,"Fusionnet Web Services Private Limited"
134426,"Mahataa Information India Private Limited"
134451,"NME-INDONESIA-AS-AP NewMedia Express Pte Ltd, ID"
134548,"DXTL Tseung Kwan O Service"
134674,"TATA SKY BROADBAND PRIVATE LIMITED"
134837,"AU | ZIRTUELLC-AS-AP Zirtue, LLC, AU"
134858,"iForce Networks"
134913,"JETWAY BROADBAND INDIA PVT LTD"
134926,"Micro Hosting Private Limited"
134937,"Speed Communication"
134963,"Alibaba.com Singapore E-Commerce Private Limited"
135004,"ID | NORTHERN-GLOBAL_TRANSIT Northern-Global Transit, AU"
135026,"ThinkDream Technology Limited"
135028,"RO | FLAMEHOSTING-AS-AP FLAMEHOSTING, PK"
135031,"RI Networks Pvt. Ltd."
135097,"LUOGELANG (FRANCE) LIMITED"
135161,"GMO-Z com NetDesign Holdings Co., Ltd."
135343,"Cross Geminis Limited"
135357,"Shenzhen Katherine Heng Technology Information Co., Ltd."
135377,"UCLOUD INFORMATION TECHNOLOGY (HK) LIMITED"
135402,"US | COUNTRYHOST-AS-AP Flamehosting, AU"
135543,"Network Dynamics Pty Ltd"
135555,"GB | UOL-AS-AP Unbeatable Online LTD, GB"
135562,"US | DEDIMAXASIALTD-AS-AP DEDI MAX ASIA LTD, US"
135581,"ONL-HK"
135682,"Advika Web Developments Hosting Pvt Ltd"
135697,"Tachyon Communications Pvt Ltd"
135706,"Ddc Broadband Pvt. Ltd."
135724,"Allnet Broadband Network Pvt Ltd"
135760,"Speednet Unique Network Pvt Ltd"
135772,"Powernet Communications Pvt.ltd."
135817,"ESTO MEDIA PRIVATE LIMITED"
135822,"Ovi Hosting Pvt Ltd"
135872,"GTPL KCBPL BROADBAND PVT LTD"
135917,"Cong ty TNHH Web Panda"
135951,"Webico Company Limited"
135967,"Bach Kim Network solutions Join stock company"
136052,"PT Cloud Hosting Indonesia"
136146,"Beijing 3389 Network Technology Co., Ltd."
136160,"Beijing Shijihulian Yuntong Network Technology Co., Ltd."
136170,"PT. EXABYTES NETWORK INDONESIA"
136209,"Korea Fast Networks"
136238,"SatLink Pvt Ltd"
136255,"Telecom International Myanmar Co., Ltd"
136258,"ONEPROVIDER-AS BrainStorm Network, Inc, CA"
136284,"Paradise Telecom Pvt Ltd"
136288,"Sai Prasad Intenet Services Pvt Ltd"
136334,"Vortex Netsol Private Limited"
136374,"Microtalk Communications Pvt Ltd"
136523,"COLODEE DIGITAL NETWORK CO.,LTD."
136557,"Host Universal Pty Ltd"
136716,"APPLE BROADBAND SERVICES PVT. LTD"
136800,"ICIDC NETWORK"
136851,"PT ARDETAMEDIA GLOBAL KOMPUTINDO"
136899,"US | PhoenixNap LLC"
136907,"Huawei Cloud"
136933,"Gigabitbank Global"
136945,"CN | TDL-AS-AP Teleneut Datacenters, Ltd., GB"
136950,"Hong Kong FireLine Network LTD"
136970,"YISU CLOUD LTD"
137098,"Delix Net Solution Pvt. Ltd"
137166,"Digital Satellite Connect Pvt Ltd"
137226,"ANGELES CITY CABLE TELEVISION NETWORK, INC."
137434,"CN | NSIH North Star Information Hi.tech Ltd. Co., CN"
137443,"Anchnet Asia Limited"
137517,"MY | FLAMEHOSTING-AS-AP FLAMEHOSTING INC, PK"
137621,"Servercake Webhosting India Pvt Ltd"
137951,"Clayer Limited"
137969,"HONG KONG BRIDGE INFO-TECH LIMITED"
138152,"YISU CLOUD LTD"
138195,"MOACK.Co.LTD"
138245,"Xpress Net Solution"
138296,"Juweriyah Networks Private Limited"
138538,"VPSOR-GLOBAL"
138571,"SUPERCLOUDS LIMITED"
139021,"West263 International Limited"
139190,"Google Asia Pacific Pte. Ltd."
139265,"HONG KONG SPEED NETWORK TECHNOLOGY CO., LIMITED"
139330,"SANREN DATA LIMITED"
139341,"ACEVILLE PTE.LTD."
139456,"PT DEWAWEB"
139640,"HK NEW CLOUD TECHNOLOGY LIMITED"
139659,"LUCIDACLOUD LIMITED"
139805,"Zeyond Limited"
140227,"Hong Kong Communications International Co., Limited"
140576,"VPSBlocks Pty Ltd"
141159,"Incomparable(HK)Network Co., Limited"
141518,"Subhosting Innovations Pvt Ltd"
141995,"Contabo Asia Private Limited"
142032,"High Family Technology Co., Limited"
196645,"Hostpro Ltd."
196678,"OOO Hosterov"
196713,"Abansys &amp; Hostytec, S.L."
196716,"CN | PEGASCRIMEA Pegas Crimea Ltd,UA"
196745,"Datacenta Hosting Ltd"
196752,"Tilaa B.V."
196827,"Credocom Hosting ApS"
197019,"WEDOS Internet, a.s."
197043,"DE | WEBTRAFFIC , DE"
197071,"active 1 GmbH"
197145,"UA | -Reserved AS-,ZZ"
197155,"ARTNET, PL"
197216,"Delta HighTech Ltd."
197226,"SPRINT S.A."
197286,"CZ | ASJDMNET David Jarolimek,CZ"
197308,"Cygate AB"
197328,"INETLTD, TR"
197372,"NMA Hosting Solutions BV"
197395,"Ark B Hosting BV"
197426,"PT | BITCANAL-AS, PT"
197439,"Sylon Hosting GmbH"
197492,"INEONET SAS"
197540,"netcup GmbH"
197569,"UA | ENERGOMONTAZH-AS , RU"
197648,"MEGA HOST LIMITED"
197695,"Domain names registrar REG.RU, Ltd"
197712,"10dencehispahard, S.L."
197746,"Georgios Vardikos trading as HYPERHOSTING"
197812,"UA | ASFERAZKO, UA"
197882,"Tarin General Trading and Setting Up Internet Device LTD"
197902,"Hostnet B.V."
197914,"Stockho Hosting SARL"
197922,"Techcrea Solutions SAS"
198047,"Host Europe GmbH"
198066,"Grupo Loading Systems, S.L."
198068,"P.A.G.M. OU"
198153,"AS SEIDOR DATACENTER SANTANDER"
198171,"HOSTING90 systems s.r.o."
198203,"RouteLabel V.O.F."
198310,"PALLADA-AS, RU"
198313,"SystemHOST Limited"
198347,"Game-Hosting GH AB"
198414,"Biznes-Host.pl sp. z o.o."
198432,"Ipcore Datacenters S.L"
198605,"Avast"
198610,"Beget LLC"
198651,"HOSTLINE, UAB"
198770,"Virtual infrastructures Ltd."
198785,"Sedmi Odjel d.o.o."
198968,"Cyberneticos Hosting SL"
199129,"Next point Host EOOD."
199140,"Orange S.A."
199176,"CZ | ASGIGALYNX Gigalynx s.r.o."
199213,"Venzo Hosting A/S"
199246,"ENARTIA S.A."
199267,"IL | Netstyle A. Ltd"
199274,"Serveroid, LLC"
199297,"GB | SKTIC Skt Interconnect SRL,RO"
199429,"RO | PFA Dinu Laurentiu Viorel"
199432,"EG | SKTNET Skt Netcon SRL,RO"
199481,"K3 Hosting Limited"
199484,"SAGLAYICI Teknoloji Bilisim Yayincilik Hiz. Ticaret Ltd. Sti."
199524,"GCL-CUSTOMER-US"
199608,"Cuneyt Mentesoglu trading as Birbir Internet Hizmetleri"
199610,"marbis GmbH"
199653,"ARUBAFR-AS, FR"
199716,"RO | SC Interconnect Data SRL"
199733,"Extrahost GmbH"
199758,"SAS NEXYLAN SAS"
199847,"SORTA-HOSTING-SMLLC"
199874,"RO | Total Solution IT Consulting SRL"
199883,"ARUBACLOUDLTD-ASN, GB"
199990,"LOCALHOST AS"
199997,"Ippon Hosting SARL"
200000,"Hosting Ukraine LTD"
200019,"ALEXHOST SRL"
200039,"HYDRACOM-AS, GB"
200052,"FERAL Feral Hosting, NL"
200062,"Optitrust GmbH"
200074,"IR | CITY_COMMERCE_BULGARIA-AS City Commerce Bulgaria Ltd"
200079,"ZA | MARKETOILBULGARIA-AS MarketOil Bulgaria Ltd,BG"
200081,"Netversor GmbH"
200083,"Sub 6 Limited"
200085,"BG | POTOFGOLD_NETWORK-AS POTOFGOLD NETWORKS LLC"
200107,"Kaspersky Lab AO"
200128,"DNHOST IKE"
200137,"BG | INNETWORKS-AS , BG"
200141,"RU | STOMP-NET-AS STOPM Ivaylo Gochev"
200147,"Hosting Techniques Limited"
200185,"Aruba SAS"
200313,"INTERNET IT COMPANY INC"
200454,"BG | Level-Next-Direct"
200484,"Sendinblue SAS"
200487,"OOO VPS"
200494,"IN | TutisHost"
200532,"LLP Kompaniya Hoster.KZ"
200548,"webhoster.de AG"
200557,"RU | IT-KM LLC"
200617,"PE | FRAMEDESIGN, BG"
200697,"Dijlat Al-Khair for communications and internet Ltd"
200698,"Globalhost d.o.o."
200719,"MissDomain Group AB"
200775,"PT | DATAPROM-LLC, US"
200831,"Mihos B.V"
200859,"LT | SPSBUILDING, BG"
200904,"Foxcloud Llp"
200960,"Soluciones web on line s.l."
201011,"NETZBETRIEB-GMBH, DE"
201106,"Spartan Host Ltd"
201133,"Verdina Ltd."
201200,"SuperHosting.BG Ltd."
201206,"Droptop GmbH"
201233,"US | COMSTROY , BG"
201288,"PE | DPT GROUP Ltd"
201292,"FR | BETECH BeTech Solution SASU,FR"
201295,"Shabakeh Ertebatat Artak Towseeh LTD"
201351,"ZA | FILMATA _FILMATA_ LTD,BG"
201401,"Unithost Internet B.V."
201446,"Soluciones web on line s.l."
201449,"Digital Absolut Business - Servidor, Virtualizacao, Cluster, Datacenters e Telecomunicacoes"
201499,"FullSpace Ltd."
201509,"DE | Sky Capital Investments Ltd."
201525,"HZ-CA-AS, BG"
201553,"Excom cloud S.L."
201597,"NE-IT Hosting B.V."
201630,"QHOSTER LTD."
201634,"Ingram Micro Hosting B.V."
201640,"BR | MEGA-SPRED MEGA - SPRED LTD,BG"
201670,"Novahosting Ltd."
201682,"Liquid Web B.V."
201702,"skHosting.eu s.r.o."
201709,"HanDS Hanse Datacenter Services GmbH"
201749,"SUPER CELL NETWORK FOR INTERNET SERVICES LTD"
201813,"MD | Starhost SRL"
201848,"Trader soft LLC"
201862,"VMhosts Ltd"
201963,"DE | SCALEIT-AS , DE"
201983,"Ansluten Hosting i Sverige AB"
201999,"Fanavari Serverpars Argham Gostar Company Ltd."
202023,"LLHost Inc"
202053,"UPCLOUD, FI"
202054,"GRUPO SYS4NET, S.L."
202090,"Aktivnie Tehnologii LLC"
202118,"Go Hosting S.P.R.L."
202144,"UA | TOV CHEMPIR"
202171,"US | RIJX Jessica Jaye Parker, trading as RIJX,EU"
202193,"CZ | ASVLADIVA VLADIVA COMPANY s.r.o.,CZ"
202242,"Aruba S.p.A."
202278,"UA | ARHBUDEXPERT-AS, UA"
202302,"NETH LLC"
202413,"UA | LLC KYIVOBLEXSPERTTSENTR BPR"
202422,"GCL-CUSTOMER-US"
202423,"PE Viktor Tyurin"
202425,"IP Volume inc"
202436,"UA | Ovcharov Oleksandr Mykhailovych"
202469,"DK | IPv4 Hosting SRL"
202470,"MD | CLOUD-NETWORK, MD"
202505,"NETBUDUR TELEKOMUNIKASYON LIMITED SIRKETI"
202527,"GB | AOREL TECHNOLOGY INVESTMENTS LLC"
202533,"US | Forcenet_LLC"
202614,"GB | SENDOQ, GB"
202661,"RO | VR Endeavors LLC"
202675,"Keliweb"
202678,"US | Social Endeavors LLC"
202693,"MD | ANROSTV, MD"
202699,"Asser Al-Technologia Information Technology Company Limited"
202702,"RO | Jasper Findings LLC"
202726,"NO | SKYLINE, GB"
202750,"DE | BG-WEISSWEB, BG"
202769,"RO | Cooperative Investments LLC"
202836,"-Reserved AS-, ZZ"
202870,"Dimensione S.r.l."
202958,"LLP Kompaniya Hoster.KZ"
202969,"RU | LLC Avikom"
202984,"Chernyshov Aleksandr Aleksandrovich"
203020,"HostRoyale Technologies Pvt Ltd"
203025,"MD | INFOCLOUD-AS, MD"
203040,"UK | Mint Company LLP"
203044,"UA | WILLBOWGROUP-AS , UA"
203053,"CLAUS WEB srl"
203059,"BG | SKYLINE, RO"
203069,"RO | EDISON, RO"
203120,"| Global Telecom Group LLC"
203217,"Horizon Scope Mobile Telecom WLL"
203320,"RO | Next Stride Srl"
203405,"RU | ASTELENETMEDIA LLC Telenet-Media,RU"
203417,"LH.pl Sp. z o.o."
203418,"CA | MARKETIGAMES_LLC, GB"
203443,"GB | Indert Connection Lp"
203459,"almarajiraq"
203476,"GANDI SAS"
203523,"VIRTONO-NETWORKS, RO"
203565,"UA | UKRSPECLUX-AS, UA"
203576,"Onur Ekren"
203629,"TERRAHOST_AS, NO"
203631,"RU | CONTEL-AS , RU"
203694,"RU | INFORMTEHTRANS-AS , RU"
203706,"RU | RUSHOSTING-AS LLC Rushosting, RU"
203735,"Net Tech Ltd"
203810,"CND Medya Reklam ve Internet Hizmetleri Tic. Ltd. Sti."
203950,"MD | INFOCLOUD, MD"
203999,"GEEKYWORKS, IL"
204085,"GB | Next Global Services L.p."
204089,"RO | Neoland SRL"
204105,"UA | TFF-AS, BG"
204119,"ispOne business GmbH"
204139,"GB | NEXTGLOBALSERVICES, GB"
204167,"Hyve Ltd"
204185,"ru | LLC UK Partner"
204188,"RU | LLC SK Continent"
204196,"Abelohost BV"
204210,"RU | CJSC TEPLOVODOMER"
204213,"Netmihan Communication Company Ltd"
204223,"ZA | LLC-TEHNOKOM-AS LLC Tehnokom, RU"
204293,"UA | LLC SOLAR STRATEGIA"
204317,"Aden net"
204333,"DE | KING-HEBERG, EE"
204353,"Global Offshore Limited"
204472,"US | A K Digital Media"
204490,"Kontel LLC"
204601,"Server location - Netherlands, Dronten"
204655,"NL | Novogara LTD"
204815,"UA | AS204815 LLC SOLAR STRATEGIA"
204818,"HOSTEUR SARL"
204872,"IT | Starhost SRL"
204895,"RU | SANTAPLUS-ASN, RU"
204957,"ITL-Bulgaria Ltd."
204992,"CZ | NETRAGY1, CZ"
204997,"Network Management Ltd"
205016,"HERN Labs AB"
205072,"Layershift Limited"
205081,"EasyDataHost S.L."
205124,"ES | Telehost SRL"
205145,"US | Start Telecom LLC"
205220,"RHC Hosting"
205275,"ROMARG SRL"
205422,"BR | GIGACOLLOCATIONLLC, FR"
205544,"LEASEWEB UK LIMITED"
205565,"GB | BASETELECOMMUNICATIONSLLP, GB"
205692,"UA | Webinvest Plus LLC"
205770,"MD | AUTOMATICA, MD"
205824,"DE | INNOVATINGCHANNEL, DE"
205835,"MD | STEFANVODA-UL, MD"
205842,"GB | LINKWEBSOLUTIONS, GB"
205848,"IE | DATAHOSTINGLTD, IE"
205857,"DE | DPS-ASN, CZ"
205869,"PL | UISCAS, PL"
205873,"IE | IE-GARZETTA, IE"
205884,"MD | ENGR-CIORESCU, MD"
205944,"US | MEDIACLICK, US"
206005,"RO | CAHUL-BRANCH, MD"
206068,"MD | HOSTING-UP, MD"
206087,"GB | ADOARDGLOBALREACHLLC, GB"
206092,"Security Firewall Ltd"
206102,"Advanced Software Production Line, S.L."
206127,"MD | MDA-ENVER, MD"
206170,"Yelles AB"
206178,"| Global Network Point LLC"
206206,"Kurdistan Net Company for Computer and Internet Ltd."
206233,"IR | LAYROUTE-AS, DK"
206246,"DE | REACHMEDIASKY, DE"
206281,"Stichting DIGI NL"
206352,"GB | MEDIACONNECTIVE, GB"
206361,"UK | SENDOQ TELECOMMUNICATIONS LLC"
206469,"AT | NETWORKEDCREATIVITY, AT"
206590,"MD | SIS-TRANSIT, MD"
206592,"ES | Rockthetraveller, SL"
206611,"Provider for General Trading and Internet Services, LLC"
206644,"MD | Ianciuc Invest Srl"
206654,"MD | Tehnoinstal Srl"
206728,"RU | Media Land LLC"
206750,"MD | ENVER, MD"
206751,"RU | Fibre Optix LLC"
206804,"EstNOC OY"
206892,"Rendszerinformatika Zrt."
206898,"Server Hosting Pty Ltd"
206977,"RU | CONTMP-AS, RU"
206991,"Iksir Internet Hizmetleri A.S."
207027,"LLC Eximius"
207088,"GB | ADOARD, GB"
207096,"GB | ASLINKWEB, GB"
207108,"US | Skylinevision Telecom LLC"
207125,"Dadeh Gostar Parmis PJS Company"
207143,"hosttech GmbH"
207155,"GB | Home Web Development LLP"
207199,"team.blue Denmark A/S"
207200,"RU | DIMEWEB-NET, RU"
207326,"HostLAB Bilisim Teknolojileri A.S."
207333,"LLP Kompaniya Hoster.KZ"
207429,"Kapteyan Bilisim Teknolojileri"
207459,"Taner Temel"
207566,"HOSTWAY LLC"
207636,"ALEXHOST S.R.L."
207728,"EUROHOSTER Ltd."
207786,"super network for internet service ltd"
207959,"XSServer GmbH"
208161,"Pars Shabakeh Azarakhsh LLC"
208332,"Hosting 2 GO B.V."
208476,"NL | Danilenko, Artyom"
208582,"Nessus GmbH"
208626,"ServTech LTD"
208685,"Serverius Holding B.V."
208846,"UA | LLC atom3"
209128,"| Speedyinternet Limited"
209150,"TH.PAPAMICHAIL VAINAS - G.PSALTAKIS G.P"
209242,"Cloudflare, Inc."
209378,"Inios Oy"
209559,"GB | Bcoolt Creative Media"
209574,"US | Quest It Services LLC"
209622,"uPress Inc"
209623,"SE | David Craig"
209686,"GB | Allied Management"
209711,"MUV Bilisim ve Telekomunikasyon Hizmetleri Ltd. Sti."
209723,"GB | AS_EXPERT, GB"
209735,"US | ACME CONSOLIDATED, INC."
209737,"Meric Internet Teknolojileri A.S."
209813,"Fast Content Delivery LTD"
209843,"| PlanB Infrastructure Services/ LLC"
209853,"Veridyen Bilisim Teknolojileri Sanayi ve Ticaret Limited Sirketi"
209896,"NL | Infocloud Group Srl"
209946,"UA | ALINDA LLC"
210015,"CZ | Interface Services LLC"
210079,"EuroByte LLC"
210162,"SOFTLINK LTD"
210239,"UA | LLC ISKRA"
210273,"WHF-LTD-AS, PL"
211341,"ScopeSky Communication and Internet Ltd."
211390,"Cloud Solutions Ltd"
211642,"AdminVPS LTD"
211871,"ODEAWEB Bilisim Teknolojileri Sanayi ve Ticaret Limited Sirketi"
211895,"Serverius B.V."
212219,"Talha Bogaz"
212238,"Datacamp Limited"
212356,"Eagle Express Mail For Telecommunications and Internet Ltd."
212811,"GB | Eurowaste Management Srl"
212906,"Moneroj s.r.o."
213035,"Des Capital B.V."
213058,"NL | Private Internet Hosting LTD"
213122,"Hyonix LLC"
213137,"NL | Infocloud Srl"
213192,"NetBase BV"
213254,"Russia | RAIT-TELECOM"
213322,"LT | Venito Reklama, UAB"
213367,"DE | Neoland Logic Solutions SRL"
262170,"Visualhosting.net"
262254,"DDOS-GUARD CORP."
262256,"Servicios Informáticos Hostname Ltda"
262267,"PA | American Servers and Networks, Inc, PA"
262287,"Maxihost Hospedagem de Sites Ltda"
262448,"DIALHOST INTERNET EIRELI"
262603,"INTERNET E WEB HOSTING SERV DE INFORMATICA LTDA"
262916,"US | TV de Uruapan, S.A."
262954,"VirtuaServer Informatica Ltda"
262978,"Centro de Tecnologia Armazem Datacenter Ltda."
262990,"CENTER HOSTING TECNOLOGIA EIRELI"
263032,"Empire Host"
263093,"Hostgator Brasil Hospedagem e suporte tecnico LTDA"
263168,"US | SunTelecom LTD"
263179,"Webline Services, S.A."
263203,"PA | PC Group PTY S.A., PA"
263237,"HOST E.I.R.L."
263734,"HN | CLNETWORKS SA, HN"
263735,"US | SOCIEDAD BUENA HOSTING, S.A."
263740,"HN | Corporacion Laceibanetsociety, HN"
263744,"HN | Udasha S.A., HN"
263745,"HN | TECNOLOGIAS VIRTUALES S.A., HN"
263812,"TL Group SRL (IPXON Networks)"
263821,"HN | Soluciones Favorables, HN"
263829,"HN | HOST PARA TU VIDA S.A., HN"
264649,"NUT HOST SRL"
264668,"NEDETEL S.A."
264825,"TELEALFACOM CIA. LTDA."
265831,"SOC. COMERCIAL WIRENET CHILE LTDA."
265839,"HOSTING.CL"
266855,"ECOHOSTING INTERNET LIMITADA"
269853,"CBVISION S.A."
327697,"Telco OI SAS AS"
327705,"FUTA, NG"
327712,"Telecom Algeria"
327784,"FIDELITY-BANK, NG"
327790,"ZA | Wirels-Connect, ZA"
327813,"Web4Africa, ZA"
327942,"LANDMARK-UNIVERSITY, NG"
327979,"DIAMATRIX C.C"
328035,"Zeta-Web-Nigeria-AS, NG"
328095,"ZA | BLUEGATE-EXCHANGE-AS, ZA"
328110,"Garanntor Hosting Limited"
328170,"DataKeepers (Pty) Ltd"
328200,"Al Madar Al Jadeed Joint Stock Company"
328286,"Libyana Mobile Phone Company JSC"
328364,"Host Africa (Pty) Ltd"
328543,"Sun Network Company Limited"
328608,"Africa on Cloud"
393326,"Hosting4Biz"
393398,"Dallas Infrastructure Services, LLC"
393504,"US | XNSTG"
393646,"US | Primelink Services LLC"
393715,"US | Starlight Systems LLC, Vero Beach, FL, USA"
393886,"LEASEWEB-USA-MIA-11 - Leaseweb USA, Inc., US"
393927,"JP | VOI-NET-INC - VOI NET INC., CA"
393956,"US | HYDRABURX-CORPORATION - HYDRABURX CORPORATION, US"
393960,"Host4Geeks LLC"
394021,"US | Fiber Galaxy"
394056,"US | Queen Systems, Inc."
394143,"US | Fairway Network, Inc."
394194,"US | OPTIMUMTIER - Optimum Tier, Inc., US"
394256,"CLOUDSINGULARITY - Tech Futures Interactive Inc., CA"
394277,"Astral internet Inc."
394281,"Xhostserver, LLC"
394303,"BigScoots"
394330,"LTDBROADBAND - LTD Broadband LLC, US"
394380,"LEASEWEB-USA-DAL-10 - Leaseweb USA, Inc., US"
394625,"WHITELABELIT - WhiteLabel IT Solutions Corp, US"
394695,"PDR"
394727,"Nodisto IT, LLC"
394996,"47-2339071 (paperspace.com)"
395089,"HEXTET - Hextet Systems, CA"
395092,"Shock Hosting LLC"
395105,"SC | HYTEC-7779 - Hytech Inc., US"
395111,"KVCHOSTING.COM LLC"
395358,"US | Starlight Solutions LLC"
395532,"Web Site Source"
395561,"US | Absolute Connections, LLC"
395681,"Wave 7 LLC"
395776,"FEDERAL ONLINE GROUP LLC"
395886,"KURUN CLOUD INC"
395954,"Leaseweb USA, Inc."
395978,"UNKNOWN"
396073,"Majestic Hosting Solutions, LLC"
396190,"Leaseweb USA, Inc."
396356,"Maxihost LLC"
396362,"Leaseweb USA, Inc."
396412,"US | Broadband Zone, LLC"
396507,"EMERALD-ONION - Emerald Onion, US"
396982,"Google LLC"
396989,"LookingGlass Cyber Solutions Inc."
397373,"H4Y Technologies LLC"
397384,"LAUNCHVPS - LaunchVPS, LLC, US"
397423,"Tier.Net Technologies LLC"
397539,"US | LAKSH CYBERSECURITY AND DEFENSE LLC"
397563,"ADEOX"
398101,"GoDaddy.com, LLC"
398108,"GoDaddy.com, LLC"
398110,"GoDaddy.com, LLC"
398217,"US | GUIDANCE-HOSTING"
398271,"HardenedVPN.com LLC"
398478,"PEG TECH INC"
398779,"Ace Host, LLC"
398823,"PEG TECH INC"
398968,"INTERCONTINENTAL INTERNET DATA CORP"
398993,"PEG TECH INC"